gender,age,age_phys,age_psyc,DD1,DD2,DD3,DD4,DD5,DD6,DD7,FTP1,FTP2,FTP3,FTP4,FTP5,FTP6,FTP7,FTP8,FTP9,FTP10,ST1,ST2,ST3,ST4,ST5,ST6,ST7,ST8,ST9,ST10,DDT1,DDT2,DDT3,DDT4,DDT5,DDT6,DDT7,DDT8,DDT9,DDT10,minik1,minik2,minik3,minik4,minik5,minik6,minik7,minik8,minik9,minik10,minik11,minik12,minik13,minik14,minik15,minik16,minik17,minik18,minik19,minik20,SES1,SES2,SES3,health_phys,health_psyc,platform,FTP,minik,SES,ID,ss_count,k,mu,age_group,age_group1,ST1_sub,ST2_sub,ST3_sub,ST4_sub,ST5_sub,ST6_sub,ST7_sub,ST8_sub,ST9_sub,ST10_sub,alpha,beta
1,66,60,55,1,1,1,1,1,1,1,4,5,5,4,4,5,5,4,5,3,9.821170078,18.54441797,28.36336102,40.72556399,44.36451907,50.18150235,51.99875287,55.63548093,56.72672205,89.81805225,520,540,560,580,620,640,660,700,740,900,4,5,5,4,4,5,7,6,7,6,7,6,5,6,6,5,6,6,5,4,5,5,5,4,4,1,4.4,5.45,5,1,7,0.8,0.029050265,0,1,1.527959744,2.885106755,4.412720023,6.336009035,6.902151035,7.807146694,8.089871218,8.655666742,8.825440047,13.9737289,0.861381697,0.680577949
1,58,45,36,2,2,1,1,1,2,1,4,5,5,6,3,4,3,3,3,2,23.93603991,33.90864753,37.76585083,48.40433824,43.48484511,71.2758613,55.71788077,76.86123422,90.8246665,100,550,700,780,900,800,1600,1800,2000,2600,3500,5,6,7,6,5,5,7,7,6,6,7,6,6,6,7,6,5,5,4,5,3,4,5,4,5,1,3.8,5.85,4,2,4,0.015810018,0.03884851,0,1,3.723925472,5.275445593,5.875542255,7.53065874,6.765292963,11.08896862,8.668486359,11.95793076,14.13033611,15.55781778,2.269930866,0.470559461
2,56,50,50,2,2,1,1,1,2,1,4,5,7,7,3,5,7,5,6,4,21.59098501,39.13992384,54.6711801,63.38329288,63.63717346,77.39794669,70.83268379,84.09014988,90.40375921,100,550,600,700,800,900,1000,1200,1300,1500,2000,6,5,6,4,7,6,3,2,5,4,4,7,4,3,4,6,5,5,7,4,2,1,4,4,5,1,5.3,4.85,2.333333333,3,4,0.015810018,0.03884851,0,1,3.359086105,6.089318029,8.505642577,9.861057207,9.900555486,12.04143151,11.02001987,13.08259229,14.06485212,15.55781778,3.331644177,0.401877748
1,46,40,56,2,2,1,1,1,2,2,6,7,7,7,7,3,4,1,3,1,18.16805113,23.27016012,34.3674142,53.88281407,55.53971895,72.37823753,54.51974256,77.73422711,82.32634791,23.52626773,700,900,1000,1100,1200,1900,2600,3600,3500,4500,7,7,1,7,7,6,7,7,7,7,4,3,7,6,5,6,5,6,7,7,1,1,1,4,5,1,4.6,5.95,1,4,3,0.002888692,0.038558799,1,0,2.826552289,3.620329108,5.346819677,8.382990026,8.640768268,11.26047431,8.4820822,12.0937494,12.80818319,3.660173864,2.527615545,0.452853106
1,60,55,60,2,2,1,1,1,2,1,4,3,4,5,6,5,4,1,5,3,7.954925061,1.768256019,5.429481326,11.48921008,20.20132285,23.6108946,27.3990602,16.54009754,29.54591007,47.60038305,3000,6000,9000,12000,15000,21000,24000,30000,36000,100000,4,5,4,3,4,5,6,3,5,6,2,3,4,5,5,5,6,5,6,5,2,3,3,3,3,1,4,4.55,2.666666667,6,4,0.015810018,0.03884851,0,1,1.237612745,0.275102049,0.844708811,1.787470368,3.142884998,3.673339957,4.262695858,2.573278236,4.59669885,7.405580856,0.201204486,0.880512846
2,56,50,50,2,2,1,2,1,2,2,6,5,6,7,3,5,6,2,5,3,3.251453132,6.360376812,13.98347549,13.99906465,13.44676302,18.03888382,10.68525488,25.47268557,23.75342405,49.1169855,750,1000,1500,1000,1500,3000,2000,4000,3800,5000,5,6,5,5,5,4,6,6,6,6,7,7,4,3,4,5,5,5,4,5,3,3,3,4,4,1,4.8,5.15,3,7,2,8.79E-04,0.048216163,0,1,0.505855153,0.989535834,2.175523636,2.177948969,2.092022888,2.806456673,1.662392484,3.962994003,3.695514429,7.641531102,0.2189727,0.851109875
1,25,30,35,2,2,1,1,1,2,1,5,6,5,6,4,5,4,2,4,3,27.05164466,31.45669554,34.47653832,79.14393248,71.59432555,71.84597911,79.7741799,92.60851168,88.58205465,97.51464267,1000,1250,1500,2000,2500,5500,4500,5000,6000,10000,3,5,5,5,6,5,6,6,5,6,2,3,4,4,5,5,5,5,4,5,2,3,3,3,4,1,4.4,4.7,2.666666667,8,4,0.015810018,0.03884851,-1,-1,4.208645581,4.893975372,5.363797007,12.3130688,11.13851471,11.17766651,12.41112154,14.40786349,13.78143465,15.17115041,3.045612999,0.42690189
1,59,69,53,2,2,1,1,1,2,2,3,5,3,5,6,3,4,1,2,1,5.491837962,7.197737345,6.629846558,9.280003563,10.60508207,14.20395074,20.26590651,15.9076231,16.47774091,26.89352605,600,700,800,1000,1100,1200,1500,1600,2000,3000,2,3,3,6,3,5,5,7,6,4,6,7,5,3,3,4,4,4,3,3,5,5,4,4,3,1,3.3,4.3,4.666666667,9,3,0.002888692,0.038558799,0,1,0.854410143,1.11981086,1.031459446,1.443766044,1.649919343,2.209824773,3.152932806,2.474879014,2.563576904,4.184045776,0.39867374,0.562232055
1,56,50,40,2,2,1,1,1,2,2,6,6,7,7,7,6,6,2,6,4,22.19228114,3.302674654,27.75983787,48.88314812,71.48520143,32.98220609,69.18914104,94.1807897,98.91543995,100,1000,1200,1800,1500,2000,3000,2600,3500,4000,5000,5,5,6,7,3,6,7,7,7,7,7,7,5,2,5,7,4,6,7,5,5,4,4,4,5,1,5.7,5.75,4.333333333,10,3,0.002888692,0.038558799,0,1,3.45263466,0.513824104,4.318824992,7.605151108,11.12153738,5.131311522,10.76432048,14.65247564,15.3890839,15.55781778,1.895668043,0.546496558
1,68,68,40,2,2,2,2,2,2,2,5,6,6,7,7,7,7,1,6,2,9.830078168,13.55366011,21.79809812,37.35607866,44.27098412,57.16989956,48.12818743,72.1978487,62.49025678,86.95855511,800,1000,1200,1500,1800,1500,3000,3600,4800,6000,6,6,6,6,6,3,6,7,6,5,6,7,7,7,7,7,6,6,6,6,6,6,6,5,5,1,5.4,6.1,6,11,0,0.028393604,0,0,1,1.529345649,2.108653742,3.391308385,5.811790647,6.887599038,8.894388797,7.487695699,11.23240974,9.722120278,13.52885355,0.930112535,0.655379762
1,57,50,40,2,2,1,1,1,2,2,5,5,6,5,5,6,5,5,6,5,8.807874752,18.11905663,23.40155446,31.20281496,37.99968822,55.36378416,60.14520188,60.39685544,64.9266196,81.28187426,700,800,1000,1400,1800,2500,2800,3400,4100,6800,5,5,6,6,6,6,6,6,6,6,6,6,5,5,4,6,6,6,5,5,6,6,6,4,4,1,5.3,5.6,6,12,3,0.002888692,0.038558799,0,1,1.370313104,2.818929814,3.6407712,4.854477092,5.911922249,8.613396654,9.35728091,9.396432713,10.10116517,12.64568588,0.695661635,0.765319075
1,57,55,55,2,2,2,2,2,2,2,7,7,6,7,6,6,6,7,7,7,15.90985012,15.40431597,15.53125626,15.15043538,13.63605995,25.37915061,25.75774447,17.67587912,15.78290983,14.89878182,600,600,650,1500,700,1300,1500,1800,1900,2000,6,6,6,6,6,2,6,7,6,6,6,6,6,6,7,6,7,6,7,7,6,7,6,4,4,1,6.6,6.05,6.333333333,13,0,0.028393604,0,0,1,2.475225491,2.396575408,2.416324548,2.357077129,2.121473359,3.948442006,4.007342948,2.749981064,2.455476351,2.317925326,2.17217363,0.048637532
1,58,55,50,2,2,1,2,1,2,2,4,3,3,4,2,2,3,3,2,3,20.8827918,64.67719306,38.54530878,48.92768857,58.47270784,78.04378327,84.84511057,28.75977106,91.0495958,97.25630804,750,1000,1200,1500,1700,2200,2500,3000,3500,5500,4,5,6,4,2,5,6,7,7,5,5,6,5,5,6,5,6,6,3,4,2,1,2,3,4,1,2.9,5.1,1.666666667,14,2,8.79E-04,0.048216163,0,1,3.248906694,10.06235984,5.996808901,7.612080631,9.097077335,12.14190959,13.2000477,4.474392775,14.1653302,15.13095918,3.356067638,0.368187778
2,60,50,40,2,2,1,1,1,1,1,5,5,4,5,5,5,5,5,4,4,6.536311605,14.70503084,31.04469635,21.24134245,36.27374563,44.77206423,22.87597711,48.36647885,58.82457742,73.20223593,550,700,700,600,650,700,2000,1000,3000,3000,5,4,6,4,7,7,5,7,7,5,7,7,4,2,4,6,4,7,7,6,5,5,4,4,4,1,4.7,5.55,4.666666667,15,5,0.043149658,0.031618594,0,1,1.016907449,2.287781903,4.829877287,3.304689352,5.643403246,6.965556168,3.559002833,7.524768646,9.151820564,11.38867048,0.60208054,0.742527572
2,58,55,50,2,2,1,1,1,1,1,4,3,5,4,5,6,4,1,2,2,10.22871523,13.06594214,14.39547469,15.90985012,11.55379373,29.35661314,34.65915418,41.28900073,44.69634546,58.33240541,800,600,900,700,1100,1000,1000,1200,1500,2500,5,6,4,4,5,5,7,6,6,5,7,1,7,6,6,4,5,5,4,3,6,4,4,4,4,1,3.6,5.05,4.666666667,16,5,0.043149658,0.031618594,0,1,1.591364877,2.032775469,2.23962172,2.475225491,1.797518175,4.567248379,5.39220805,6.423667496,6.953775979,9.075249338,0.604239569,0.664372967
1,62,62,50,2,2,1,1,1,2,2,6,6,6,4,6,5,4,1,5,2,7.954925061,15.53125626,16.54009754,19.69801572,31.43887936,31.31416609,33.58572924,39.64545799,41.79230786,76.3891054,1500,3888,5000,7000,8000,12000,15000,17000,20000,50000,5,6,6,7,5,6,7,7,7,7,7,7,7,7,6,7,7,7,6,6,3,3,3,4,5,1,4.5,6.5,3,17,3,0.002888692,0.038558799,0,1,1.237612745,2.416324548,2.573278236,3.064581392,4.891203562,4.871800899,5.225206554,6.167968111,6.501971102,11.88447782,0.589165157,0.690553101
1,56,45,30,2,2,1,1,1,2,2,6,7,4,4,3,5,5,4,3,3,7.070797051,10.10177494,20.57991671,28.28318821,33.83960983,38.63661671,42.67643587,43.30891032,48.48451106,66.41427076,1500,2000,3000,5000,6500,7500,8500,9000,10000,20000,5,5,6,7,7,5,7,7,7,7,6,7,7,7,7,7,7,7,5,5,5,5,5,5,5,1,4.4,6.4,5,18,3,0.002888692,0.038558799,0,1,1.100061721,1.571615737,3.20178594,4.400246883,5.264704833,6.011014423,6.639522127,6.737921349,7.543131881,10.33261122,0.883445047,0.600584785
1,52,40,35,2,2,1,1,1,2,2,6,6,4,5,5,6,6,4,5,4,12.50027838,14.39324767,22.22123243,26.64187248,26.01162506,34.84845111,35.98423268,38.38273612,39.77239828,47.60038305,1500,2000,2500,3000,2000,5000,6000,7000,8500,10000,6,6,5,7,7,5,7,7,7,7,6,6,7,7,7,6,6,7,5,5,4,4,4,5,5,1,5.1,6.3,4,19,3,0.002888692,0.038558799,0,1,1.944770532,2.239275244,3.45713885,4.144893973,4.046841228,5.421658521,5.598361349,5.971516144,6.18771725,7.405580856,1.201495628,0.457635825
2,23,26,25,2,2,1,2,1,2,1,5,6,6,5,2,3,3,3,5,3,58.86689085,50.18818342,58.36581075,58.74217758,70.18907423,75.72322562,78.74306839,80.25076276,77.2420551,86.92960381,600,600,650,800,850,1000,1050,1200,2000,3000,3,5,5,4,5,6,6,6,6,6,7,7,7,7,6,6,6,6,3,3,3,3,5,4,4,1,4.1,5.5,3.666666667,20,3,0.002224325,0.001252601,-1,-1,9.15840361,7.808186122,9.08044648,9.139000947,10.91988827,11.78088146,12.25070309,12.48526743,12.01717818,13.52434936,5,0.268974897
1,58,50,60,2,2,1,1,1,2,1,5,5,6,7,6,4,5,3,4,2,22.44616173,26.23432733,80.78079416,52.37066566,90.62868851,73.20446295,95.55263568,90.62868851,96.69064428,93.65966639,3000,5000,8000,9000,12000,10000,13000,20000,20000,100000,5,6,4,4,6,5,7,3,3,6,2,2,5,5,6,5,6,7,7,5,3,2,3,4,3,1,4.7,4.95,2.666666667,21,4,0.015810018,0.03884851,0,1,3.492132939,4.081488841,12.56772875,8.147732732,14.09984621,11.38901695,14.86590494,14.09984621,15.04295424,14.57140023,2.344362629,0.51888662
1,56,45,50,2,2,1,1,1,1,2,3,3,3,4,2,4,5,3,2,3,0,11.84776073,26.13188428,27.52600049,31.01129101,61.32329688,65.15822996,67.59459279,75.60964746,100,520,800,1000,1250,1500,3000,3500,4500,5000,10000,4,4,4,5,6,7,7,7,7,7,4,4,4,5,5,6,4,5,4,6,3,3,5,4,5,1,3.2,5.25,3.666666667,22,4,0.037534821,0.001254831,0,1,0,1.843253025,4.065550939,4.282444998,4.824680145,9.540566784,10.13719868,10.51624357,11.76321117,15.55781778,1.277924928,0.617950379
1,57,57,40,2,2,1,1,1,2,1,3,3,3,2,2,3,2,3,4,3,17.81840857,8.727701935,30.54584326,16.36416275,44.00151438,41.81903214,23.63539184,4.362737456,61.09168652,59.27220898,1000,2000,2500,2600,2800,3000,4000,4600,4500,5000,4,5,5,5,4,4,5,5,5,5,4,5,5,5,5,5,5,5,4,6,2,2,2,3,4,1,2.8,4.8,2,23,4,0.015810018,0.03884851,0,1,2.772155536,1.357839963,4.752266633,2.545906622,6.845675426,6.506128816,3.677151194,0.678746744,9.504533267,9.221462266,1.544135748,0.436549266
1,39,35,45,2,2,1,1,1,2,2,6,7,5,6,6,5,6,6,5,5,11.47139389,15.25510545,17.27278801,19.03881701,31.55913859,36.05995145,41.35581142,55.85595617,52.45083847,84.4754248,800,900,1200,1000,1600,1800,2100,2500,2500,3500,5,6,5,6,5,5,7,6,7,7,7,5,6,5,6,5,5,6,5,6,3,2,3,4,5,1,5.7,5.75,2.666666667,24,3,0.002888692,0.038558799,1,0,1.784698558,2.373361508,2.687268884,2.962024457,4.909913274,5.610141537,6.43406178,8.689967879,8.160205873,13.14253266,0.623872356,0.743860676
1,31,25,35,2,2,1,1,1,2,2,5,6,5,7,6,6,7,6,5,6,12.75415896,21.58875799,26.99374207,34.97316438,52.65127052,62.87998575,69.54101062,57.95381155,74.36919582,94.57051867,650,800,950,1100,1250,1550,1700,2000,2300,3500,6,7,5,6,7,5,5,5,6,7,1,5,5,5,6,6,7,6,5,5,5,6,7,5,4,1,5.9,5.5,6,25,3,0.002888692,0.038558799,-1,-1,1.984268811,3.358739628,4.199637202,5.441061185,8.191388724,9.782753601,10.81906371,9.016348396,11.57022397,14.71310897,1.155574938,0.623358374
2,60,65,60,2,2,1,1,1,1,1,5,4,5,5,5,5,5,5,4,2,20.50865198,25.66866356,28.18519921,21.01195911,27.05164466,20.25699842,43.53606663,31.07810169,26.42362426,35.85951941,600,1000,800,900,800,1200,1000,900,1000,1300,5,4,5,6,5,6,7,7,7,7,7,7,7,7,7,7,7,7,6,6,2,1,1,5,5,1,4.5,6.35,1.333333333,26,5,0.043149658,0.031618594,0,1,3.190698704,3.993483903,4.385001933,3.26900231,4.208645581,3.151546901,6.773261914,4.835074429,4.110939312,5.578958685,2.617545879,0.180423795
2,56,46,40,2,2,1,1,1,2,2,6,4,7,7,4,7,7,7,7,3,8.333518919,10.79660602,16.09914705,16.28621696,22.91606351,25.75774447,37.87942899,25.18762666,67.1447342,47.15720553,600,540,740,540,560,760,680,800,600,860,4,4,6,7,7,6,7,7,7,7,7,7,7,7,5,7,4,4,7,7,5,5,5,5,5,1,5.9,6.2,5,27,3,0.002888692,0.038558799,0,1,1.296513688,1.67971629,2.504675962,2.533779957,3.565239403,4.007342948,5.893212538,3.918645059,10.44625539,7.336632106,0.688081799,0.578545392
2,65,30,20,2,2,1,1,1,1,1,4,3,6,2,5,2,2,2,2,1,10.18194775,12.72966172,14.54691223,12.72743469,24.36362827,18.54441797,12.36442999,11.99919827,39.2735452,41.81903214,600,1000,1200,1000,1500,2000,2200,3000,3000,5000,3,2,3,3,3,5,6,6,7,4,7,7,7,3,4,5,4,4,3,2,2,2,1,4,4,1,2.9,4.4,1.666666667,28,5,0.043149658,0.031618594,0,1,1.584088878,1.980457573,2.263182097,1.980111097,3.79044889,2.885106755,1.923635488,1.866813402,6.110106597,6.506128816,0.690949048,0.547422047
1,57,60,35,2,2,1,2,1,2,2,5,4,5,6,5,4,5,5,6,5,15.2506514,22.44616173,45.55374919,22.44616173,75.85684698,58.43262143,70.17348507,66.76614035,62.22078703,76.99262855,1500,2500,2500,3600,2560,5000,10000,15000,17000,50000,5,7,6,6,5,5,7,7,7,4,4,6,7,5,6,5,4,5,6,5,4,4,4,3,4,1,5,5.6,4,29,2,8.79E-04,0.048216163,0,1,2.372668555,3.492132939,7.08716929,3.492132939,11.80167003,9.090840764,10.91746293,10.38735445,9.680196666,11.97837285,3.215511717,0.34130656
1,56,50,45,2,2,1,1,1,2,1,5,4,5,5,3,2,3,3,5,3,10.29997996,17.81618155,37.75026168,52.45529252,55.06981716,76.63853195,68.14244037,85.46199586,79.58042892,100,1000,1500,2000,2000,2000,4500,5000,6000,10000,50000,5,6,4,5,6,5,5,5,6,6,5,6,5,6,6,5,5,5,3,3,2,1,1,3,4,1,3.8,5.1,1.333333333,30,4,0.015810018,0.03884851,0,1,1.602452113,2.77180906,5.873116922,8.160898825,8.567661804,11.92328315,10.6014767,13.29602158,12.38097812,15.55781778,2.203571687,0.494148839
2,27,27,30,2,2,1,1,1,2,1,7,6,6,7,6,7,6,6,7,6,8.302340601,17.5467118,22.26577289,28.49030132,36.41404806,42.64080351,52.82943233,61.88673363,73.208917,90.7556288,550,600,650,750,800,900,950,1100,1300,2600,6,7,6,7,6,7,6,7,6,7,6,7,6,7,6,6,7,6,6,7,6,7,6,5,4,1,6.4,6.45,6.333333333,31,4,0.015810018,0.03884851,-1,-1,1.291663022,2.729885448,3.464068373,4.432469163,5.665231242,6.633978509,8.219106815,9.628225246,11.3897099,14.11959535,0.599867155,0.815997966
2,26,20,30,2,2,1,1,1,2,2,7,6,7,7,5,7,7,6,7,7,10.13072623,17.31955549,24.51061176,21.89608712,37.90838029,44.77206423,47.71173418,62.09161971,72.87486359,100,1500,4000,5000,6000,7000,10000,20000,25000,20000,50000,7,6,7,7,7,5,7,7,6,6,7,7,6,7,7,7,6,7,6,7,6,7,7,5,4,1,6.6,6.6,6.666666667,32,3,0.002888692,0.038558799,-1,-1,1.576119927,2.694544882,3.813316314,3.406553335,5.897716727,6.965556168,7.422904663,9.66010105,11.33773848,15.55781778,0.678852402,0.765057716
1,23,25,28,2,2,1,1,1,2,1,7,4,5,6,2,5,7,7,6,4,9.317862949,16.35302764,29.55927221,39.87484132,61.88673363,67.42088502,68.23820235,75.8100795,82.51564483,93.58394762,2000,3000,3500,5000,4000,8000,9500,10000,15000,30000,2,7,4,6,3,1,7,6,5,7,7,5,3,2,2,5,5,6,4,2,4,3,5,4,5,1,5.3,4.45,4,33,4,0.015810018,0.03884851,-1,-1,1.449656138,2.544174241,4.598777707,6.203655152,9.628225246,10.48921844,10.61637518,11.79439403,12.83763366,14.55962004,1.005664632,0.711199345
2,30,25,25,2,2,1,1,1,1,2,5,5,6,6,3,5,3,3,5,3,14.96781952,11.52261542,19.48867559,27.31220631,33.28508117,30.29864374,37.69458611,47.79413402,53.05881567,63.01583413,1000,1000,1250,1500,1500,3000,4000,2000,5000,6000,4,5,5,5,4,4,5,7,5,5,7,7,6,5,5,6,5,6,5,4,4,4,3,4,4,1,4.4,5.25,3.666666667,34,4,0.037534821,0.001254831,-1,-1,2.328666087,1.79266751,3.032012635,4.249183289,5.178432276,4.713807783,5.864455019,7.43572428,8.254793857,9.803888645,0.928509025,0.579981475
2,29,29,32,2,2,1,1,1,2,1,7,6,7,6,7,6,7,6,7,6,0,7.736676837,13.3955415,16.79175111,29.62385587,39.81248469,54.71794758,62.07603055,70.56544106,90.47279692,550,600,650,700,750,850,900,1000,1200,2400,6,7,6,7,6,7,6,7,6,7,6,7,6,7,6,7,6,7,6,7,6,7,6,4,5,1,6.5,6.5,6.333333333,35,4,0.015810018,0.03884851,-1,-1,0,1.203658084,2.084053937,2.612430039,4.608825514,6.193953821,8.512918575,9.657675717,10.97844273,14.07559288,0.452601339,0.858733648
2,29,31,29,2,2,1,1,1,2,1,6,6,5,6,5,5,6,4,6,3,10.91463822,26.9581097,24.21887179,29.39669955,30.22960604,39.76126317,44.66739416,45.53147897,46.64944436,67.50551188,530,560,580,600,650,700,720,760,820,1000,5,5,5,6,6,5,7,7,7,6,6,6,5,5,6,5,5,6,6,5,5,5,6,5,5,1,5.2,5.7,5.333333333,36,4,0.015810018,0.03884851,-1,-1,1.698079525,4.194093584,3.767927941,4.573484949,4.703067023,6.18598487,6.949271789,7.083704529,7.257635547,10.50238453,1.173666434,0.535086243
1,29,32,29,2,2,1,1,1,2,1,6,6,5,5,5,5,6,5,6,3,3.442977084,10.55386054,21.49967708,20.25699842,30.37213549,24.31463377,30.49684876,49.24615282,51.24156515,67.7727546,530,560,580,600,650,710,730,770,830,1080,5,6,5,5,6,5,6,6,7,6,6,5,6,6,5,5,5,6,6,6,5,5,6,5,5,1,5.2,5.65,5.333333333,37,4,0.015810018,0.03884851,-1,-1,0.535652101,1.641950392,3.344880583,3.151546901,4.725241495,3.782826415,4.744644158,7.661626718,7.972069333,10.54396166,0.474042358,0.757978521
2,32,29,30,2,2,1,1,1,2,2,6,5,5,6,5,6,6,5,6,4,7.957152083,14.39547469,16.47551389,24.24114202,18.75153108,29.35661314,39.01521056,45.45576019,56.25236621,79.73854754,550,600,800,900,950,1000,1100,1200,1300,1500,5,6,5,5,5,4,7,7,7,6,5,6,6,5,6,6,5,6,5,5,4,5,4,4,4,1,5.4,5.6,4.333333333,38,3,0.002888692,0.038558799,-1,-1,1.237959221,2.23962172,2.563230428,3.771392702,2.917329036,4.567248379,6.069915365,7.07192434,8.751640631,12.40557792,0.51718715,0.775637914
2,33,30,27,2,2,1,1,1,2,2,6,5,5,6,5,6,6,5,6,4,6.182214997,9.208738837,11.98360911,17.53557669,22.20118923,34.56784625,36.07776763,48.81856446,59.16308487,78.58940383,600,650,700,800,900,1000,1100,1300,1400,1800,5,6,5,5,5,4,7,7,7,6,5,6,6,5,6,6,5,6,5,5,4,5,4,4,4,1,5.4,5.6,4.333333333,39,3,0.002888692,0.038558799,-1,-1,0.961817744,1.432678808,1.864388069,2.728153067,3.454020565,5.378002529,5.612913346,7.5951033,9.204484936,12.22679624,0.291555792,0.930608978
2,27,27,30,2,2,1,1,1,2,1,5,7,7,5,4,6,6,6,7,5,32.65260673,57.14317529,71.08879139,68.36959669,85.37514197,81.29300938,81.29300938,94.21864909,95.23862548,100,1500,3000,4500,10000,11500,18000,20000,23000,30000,50000,5,5,6,7,6,4,6,6,7,6,7,7,5,6,6,5,6,5,5,6,4,5,5,5,5,1,5.8,5.8,4.666666667,40,4,0.015810018,0.03884851,-1,-1,5.080033055,8.890231084,11.05986463,10.63681727,13.28250902,12.64741826,12.64741826,14.65836574,14.81705181,15.55781778,5,0.303637048
2,30,29,31,1,2,1,1,1,1,1,6,5,5,6,5,6,5,5,5,4,9.834532214,15.8096341,22.73122063,24.93151905,53.16793978,55.73792397,70.77923524,64.71727947,78.67848473,87.5464891,300,600,800,1000,900,900,1200,1300,1400,1500,6,5,6,6,5,4,6,5,6,6,7,5,5,6,5,5,4,4,6,4,4,5,3,5,5,1,5.2,5.3,4,41,6,0.370696374,0.037719145,-1,-1,1.530038601,2.459634065,3.536481884,3.878800303,8.271771187,8.671604644,11.01170444,10.06859641,12.24065528,13.62032324,0.632000431,0.813972173
2,27,27,29,2,2,1,1,1,1,1,6,6,5,7,4,5,6,6,6,5,33.67258312,55.10099548,55.78246442,68.36736966,86.73585284,72.79023673,82.99445471,85.71364942,88.43507115,100,1500,3000,4500,10000,13000,18000,20000,24000,30000,50000,5,7,7,6,5,4,6,6,7,7,6,5,5,6,5,6,6,7,6,5,5,4,5,5,5,1,5.6,5.85,4.666666667,42,5,0.043149658,0.031618594,-1,-1,5.238719123,8.57251247,8.678534167,10.63647079,13.49420593,11.32457239,12.91212603,13.33517339,13.75856722,15.55781778,5,0.282561336
1,29,29,29,2,2,1,1,1,2,2,5,6,5,5,6,6,5,5,6,5,5.249092488,14.56695544,22.78466918,23.75342405,31.10259894,35.09565062,48.50232724,62.85994254,68.63461239,87.00754961,600,700,800,850,900,1000,1200,1300,1400,1500,5,5,5,7,5,4,5,6,5,6,5,6,5,5,6,5,6,6,5,5,5,6,6,4,4,1,5.4,5.35,5.666666667,43,3,0.002888692,0.038558799,-1,-1,0.816644244,2.266300383,3.544797312,3.695514429,4.838885666,5.460117372,7.54590369,9.779635316,10.67804793,13.53647602,0.569780624,0.789874736
2,28,28,30,2,2,1,1,1,2,1,7,6,7,6,7,6,7,6,7,6,7.044072779,21.13667238,31.07810169,42.77887892,48.56913792,61.65512327,65.42992673,73.60755406,88.0765205,100,600,650,700,1200,1400,1800,2000,2200,2600,4500,6,7,6,7,6,7,6,7,6,7,6,7,6,7,6,6,7,6,7,6,7,6,7,5,4,1,6.5,6.45,6.666666667,44,4,0.015810018,0.03884851,-1,-1,1.095904007,3.288404974,4.835074429,6.655460029,7.556297974,9.592191728,10.17946877,11.45172913,13.70278456,15.55781778,1.47090034,0.604311461
1,26,20,30,2,2,1,1,1,1,1,7,5,7,7,6,5,6,3,6,3,5.433935372,13.76300024,13.88771352,25.6330312,38.63438968,43.3066833,48.35979779,72.47399951,78.66066855,98.73727813,520,600,650,700,650,800,750,950,900,1200,5,7,6,6,5,2,7,6,7,7,5,7,6,7,7,7,6,7,7,5,5,6,7,5,5,1,5.5,6.1,6,45,5,0.043149658,0.031618594,-1,-1,0.845401763,2.141222499,2.160625162,3.987940285,6.010667947,6.737574873,7.523729217,11.27537278,12.23788348,15.36136581,0.330994387,0.982983715
2,27,27,30,2,2,1,1,1,2,1,5,5,6,6,4,5,6,7,7,5,35.37402846,72.44950226,69.38734606,78.91232212,75.85016591,83.67369663,90.81575841,85.0344075,89.45504755,100,1500,3500,5000,10000,10000,8000,20000,25000,30000,50000,5,6,7,5,4,3,5,5,7,7,6,5,6,6,5,6,7,7,6,6,4,5,5,5,4,1,5.6,5.7,4.666666667,46,4,0.015810018,0.03884851,-1,-1,5.503426889,11.27156154,10.79515686,12.27703528,11.8006306,13.01780125,14.12895021,13.22949817,13.91725329,15.55781778,5,0.286344828
1,24,24,27,2,2,1,1,1,2,1,6,3,5,7,2,4,6,5,6,4,6.5652629,11.74309066,22.09429214,18.30835356,26.51493219,53.40845823,58.58628599,38.763557,85.60675233,91.66648108,700,1500,2500,4000,3500,5000,8000,7000,7000,10000,3,6,7,4,5,2,7,4,5,7,7,5,3,3,3,6,4,5,4,2,6,4,7,4,5,1,4.8,4.6,5.666666667,47,4,0.015810018,0.03884851,-1,-1,1.021411639,1.826968647,3.437389711,2.848380285,4.125144834,8.30919061,9.114747618,6.030763562,13.31854253,14.26130409,0.364322914,0.896158515
2,26,28,22,2,2,1,2,1,2,1,7,5,5,7,6,7,7,6,7,5,11.13288644,15.03017616,12.77865621,19.11898982,20.62891121,25.8490524,24.02512082,33.51446451,31.44556043,49.56016302,550,650,680,700,780,900,880,950,1000,2000,3,5,5,6,7,3,5,5,7,6,7,7,5,5,5,6,5,5,5,5,1,1,1,4,4,1,6.2,5.35,1,48,3,0.002224325,0.001252601,-1,-1,1.732034186,2.338367418,1.988080048,2.974497597,3.209408415,4.02154847,3.737784517,5.214119318,4.892242991,7.710479853,0.612839137,0.618088612
2,26,26,20,2,2,1,2,1,2,2,5,6,7,5,5,5,7,7,5,5,76.06173307,66.77727546,63.17617977,69.71694542,65.22504064,68.0667216,63.45901165,87.98966661,73.54965147,31.55468454,1000,2000,2000,2500,3000,3500,4000,5000,6000,10000,6,6,7,5,5,6,5,6,5,7,5,5,5,5,6,6,5,7,6,6,6,5,7,4,5,1,5.7,5.7,6,50,2,8.79E-04,0.048216163,-1,-1,11.83354583,10.38908683,9.828834927,10.84643533,10.14759297,10.58969651,9.872837395,13.68927199,11.44272075,4.909220321,5,0.246466653
1,29,25,35,2,2,1,2,1,2,2,6,5,4,6,2,4,5,4,5,4,12.70739149,5.409438122,18.3707102,7.171013073,10.06614257,20.00534485,21.39055297,28.68850634,42.27779881,45.04598802,700,800,1000,1000,1500,2000,2000,2000,2000,3000,3,5,5,5,5,5,7,7,7,7,7,6,5,4,5,6,5,5,5,5,4,4,4,5,5,1,4.5,5.45,4,51,2,8.79E-04,0.048216163,-1,-1,1.976992812,0.841590526,2.858081617,1.115653147,1.566072119,3.112395098,3.327903253,4.463305539,6.577502899,7.008172732,0.29396004,0.77475135
2,30,29,29,2,2,1,1,1,2,1,6,5,5,7,3,6,6,3,6,3,19.27265439,21.45513663,22.54637775,27.27434693,29.09159744,34.54557602,36.36282654,39.6365499,37.81707236,47.63601541,700,1000,900,1000,1100,1400,1500,1500,2000,3000,5,6,5,7,6,3,7,6,7,6,7,6,6,5,6,5,5,6,5,5,5,5,6,5,5,1,5,5.7,5.333333333,52,4,0.015810018,0.03884851,-1,-1,2.998404451,3.33795106,3.507724365,4.243293195,4.526017719,5.374537767,5.657262291,6.166582206,5.883511206,7.411124474,1.794372767,0.346481893
2,29,25,35,2,2,1,2,1,2,2,5,6,5,7,2,5,5,4,6,3,20.77144066,32.45217469,49.68710331,52.70471906,58.36581075,61.76202035,67.92641917,68.30055898,74.4649578,92.70204663,600,800,1000,1200,1600,1700,1800,2000,3000,5000,5,6,5,6,5,4,7,6,5,6,5,6,6,7,6,7,5,6,5,4,4,3,4,4,5,1,4.8,5.6,3.666666667,53,2,8.79E-04,0.048216163,-1,-1,3.231582888,5.048850203,7.730228992,8.199704152,9.08044648,9.608822583,10.56786852,10.62607651,11.58512244,14.42241549,2.403109602,0.43764659
1,27,27,27,2,2,1,1,1,2,1,3,3,5,3,3,2,2,4,3,2,7.999465515,11.99919827,10.6473955,26.18087878,29.09159744,25.45486939,41.81903214,48.36202481,47.63824243,53.08999399,4000,5000,6000,9000,10000,10000,15000,11000,30000,50000,3,2,3,6,6,6,5,4,5,3,6,6,5,5,4,5,4,4,5,3,3,3,5,2,2,1,3,4.5,3.666666667,54,4,0.015810018,0.03884851,-1,-1,1.244542268,1.866813402,1.656502389,4.073173414,4.526017719,3.960222194,6.506128816,7.524075693,7.41147095,8.259644523,0.86244732,0.600239958
2,28,35,40,2,2,1,2,1,2,2,5,6,6,7,3,5,5,3,4,3,20.86497561,28.00703739,40.32024586,29.22967285,23.49731644,48.6849431,34.21152262,57.23671024,74.71883838,63.81533528,600,650,800,700,1200,1200,1200,1500,3000,3000,5,6,3,3,5,5,6,5,5,6,5,6,4,3,4,6,6,6,5,6,3,3,5,5,4,1,4.7,5,3.666666667,55,2,8.79E-04,0.048216163,-1,-1,3.246134885,4.357283842,6.272950379,4.547499239,3.655669674,7.574314733,5.322566347,8.904783081,11.62462072,9.928273577,2.212592971,0.366941113
2,28,30,32,2,2,1,1,1,2,2,6,5,5,6,4,5,6,6,5,3,38.763557,38.00414226,39.26686413,88.38384963,80.68280516,6.313609336,70.45408993,91.03623366,76.01051155,98.86421843,1000,800,1100,900,1250,1550,1500,1000,2000,3000,5,4,4,5,5,5,6,6,5,6,4,5,6,7,5,6,5,6,5,6,4,4,5,5,5,1,5.1,5.3,4.333333333,56,3,0.002888692,0.038558799,-1,-1,6.030763562,5.912615201,6.109067168,13.75059827,12.5524838,0.982259836,10.96111893,14.16325134,11.82557688,15.38111495,3.950384676,0.331827308
2,28,30,25,2,2,1,1,1,2,2,6,6,5,6,6,5,6,2,4,4,9.344587221,21.59098501,25.50609091,23.73783489,42.54949558,52.52433022,50.37970737,82.57577445,70.58103022,81.81858673,800,1000,2500,2800,1000,3500,2000,4000,3000,6000,5,6,6,6,6,5,7,7,7,7,7,7,6,6,7,6,6,6,4,4,6,5,5,4,5,1,5,6.05,5.333333333,57,3,0.002888692,0.038558799,-1,-1,1.453813852,3.359086105,3.968191145,3.693089096,6.619772987,8.171639585,7.837983069,12.84698852,10.98086807,12.72918663,0.734168012,0.754869223
1,29,26,30,2,2,1,1,1,1,1,6,5,5,6,3,5,4,4,6,3,0,2.652384028,4.293699753,5.302541033,6.438322607,9.84789435,11.48921008,12.08605216,12.09273322,28.4101285,700,800,850,1000,1200,1800,2000,250,3000,5000,5,6,5,5,5,4,7,7,7,6,6,6,6,5,6,6,6,6,6,5,5,5,5,5,5,1,4.7,5.75,5,58,5,0.043149658,0.031618594,-1,-1,0,0.412653074,0.668005983,0.824959671,1.001662499,1.532117458,1.787470368,1.880325971,1.881365399,4.419996022,0.060669478,1.046790103
2,26,30,30,2,2,1,2,1,2,2,2,3,4,3,4,1,1,6,3,3,7.384807251,12.12168452,27.65071376,21.77805492,21.21239115,37.49860811,28.97801929,44.12845467,28.78872236,70.83268379,2000,2000,2000,3000,4000,5000,5000,5000,6000,10000,3,1,6,1,5,7,5,5,4,6,7,7,2,2,2,3,3,3,2,1,1,1,1,3,2,1,3,3.75,1,59,2,8.79E-04,0.048216163,-1,-1,1.148914855,1.885869589,4.301847661,3.3881901,3.300185162,5.833965119,4.508347436,6.865424565,4.478896965,11.02001987,0.656568474,0.688796521
2,25,27,30,2,2,1,2,1,2,2,6,6,5,6,4,5,5,5,6,4,59.65748391,73.81912122,73.39153286,62.66173752,83.11694096,81.11707458,65.23617576,89.70002004,82.83188206,95.70852727,800,1000,1200,1600,2000,2500,2800,3000,4000,6000,4,5,5,6,4,3,7,7,6,6,6,7,6,5,5,6,6,6,5,4,5,4,5,4,3,1,5.2,5.45,4.666666667,60,2,8.79E-04,0.048216163,-1,-1,9.281402637,11.48464436,11.41812095,9.74879894,12.93118222,12.62004665,10.14932535,13.95536566,12.88683327,14.89015827,5,0.268709426
2,57,45,30,1,1,1,1,1,1,1,5,6,6,7,6,6,6,6,4,4,17.52221455,25.09854575,33.05347081,43.27995902,48.96332094,38.22907155,43.27995902,70.70797051,81.28632831,97.82642585,600,650,680,700,750,780,800,880,900,1000,5,7,5,7,7,4,7,7,7,7,7,7,7,6,5,6,6,6,6,5,1,1,2,4,5,1,5.6,6.2,1.333333333,61,7,0.8,0.029050265,0,1,2.72607421,3.904786013,5.142398759,6.733417159,7.617624249,5.94760929,6.733417159,11.00061721,12.64637884,15.21965707,1.462238694,0.572332721
2,57,45,30,2,2,1,2,1,2,2,7,6,6,6,1,5,6,2,5,2,11.84107966,37.97741799,27.75092978,45.17515533,64.49235018,62.97797475,78.12841013,67.52332806,86.46192905,91.76447008,550,700,750,800,850,900,1200,1500,1000,2000,6,6,6,6,7,7,7,7,7,7,7,7,6,6,6,6,7,7,6,6,2,2,3,5,5,1,4.6,6.5,2.333333333,62,2,8.79E-04,0.048216163,0,1,1.842213596,5.908457487,4.317439087,7.028268348,10.03360232,9.797998551,12.15507568,10.50515634,13.45158937,14.27654904,2.366296086,0.438976364
2,56,45,45,2,2,2,2,2,2,2,5,6,5,5,4,6,6,5,6,5,20.09442576,31.41438211,41.2266441,52.92519431,62.35886244,75.56733403,78.96131662,64.62374452,85.75373583,95.18740396,550,580,600,600,600,610,650,700,750,800,5,6,7,6,5,4,5,5,7,7,5,6,5,7,5,5,7,6,7,7,5,6,7,4,5,1,5.3,5.85,6,63,0,0.028393604,0,0,1,3.126254144,4.887392325,6.413966165,8.234005289,9.701678186,11.75662813,12.28465775,10.05404441,13.34140996,14.80908286,2.221970902,0.500129435
2,57,57,30,2,2,1,1,1,2,1,5,6,6,5,4,5,5,1,5,3,18.37961829,27.87118901,47.83867448,38.50967641,49.64033584,55.53081086,59.95145091,71.24245596,76.64521301,78.11727502,800,1000,1000,1200,1300,1500,1800,2000,2000,3000,4,6,6,5,6,5,7,7,6,6,5,6,6,7,5,5,5,6,4,4,5,5,5,4,4,1,4.5,5.55,5,64,4,0.015810018,0.03884851,0,1,2.859467521,4.336148798,7.442653802,5.991265283,7.722952993,8.639382364,9.327137487,11.08377148,11.92432258,12.1533433,1.889930791,0.502209496
1,56,50,45,2,2,1,1,1,2,2,5,6,5,5,6,5,5,2,2,2,10.19530989,13.55811416,16.26840078,20.60664098,20.49974389,23.86032114,26.78885598,30.80195087,34.16475514,49.56684409,800,1000,1200,1500,1500,2000,2500,3000,4000,10000,5,6,6,6,6,6,7,7,7,7,7,6,6,6,6,6,6,5,5,4,5,4,4,5,5,1,4.3,6,4.333333333,65,3,0.002888692,0.038558799,0,1,1.586167735,2.109346695,2.531008148,3.205943654,3.1893128,3.712145284,4.167761398,4.792111389,5.315290349,7.711519281,0.780829257,0.535142766
2,58,50,40,2,2,1,2,1,2,2,3,5,6,6,2,6,5,7,4,3,6.514041378,6.188896065,8.794512616,14.98340868,26.71091018,30.2941897,43.64741777,46.58040665,52.44193038,92.83344097,550,560,590,600,650,680,700,750,800,1000,5,7,7,6,7,6,7,7,7,7,7,7,5,6,7,4,2,2,2,1,2,5,5,5,5,1,4.7,5.45,4,66,2,8.79E-04,0.048216163,0,1,1.013442688,0.962857172,1.368234247,2.331091419,4.155634733,4.71311483,6.790585721,7.246894787,8.158819968,14.44285758,0.218573695,1.023563454
2,56,40,30,2,2,1,2,1,2,2,6,5,6,6,5,7,6,6,7,6,57.98944391,61.51036679,64.36318286,68.82836336,73.54519743,77.75872436,79.6271964,82.41320179,89.07868071,97.10709752,800,1000,1500,2000,2500,3500,4000,5000,6000,10000,5,6,7,6,6,2,6,6,7,6,6,7,6,7,6,7,6,7,6,6,5,6,6,4,5,1,6,6.05,5.666666667,67,2,8.79E-04,0.048216163,0,1,9.021892014,9.56967078,10.01350671,10.70819135,11.4420278,12.09756064,12.38825412,12.82169576,13.85869882,15.10774528,5,0.285410342
1,56,50,53,2,1,1,1,1,1,1,5,7,5,6,5,5,6,2,3,2,7.576331203,20.32826315,23.4839543,35.35398526,61.61726388,54.41952653,72.6009398,43.30891032,63.2585796,78.25535042,1000,3400,900,1300,1000,1500,1500,3000,3200,2500,5,5,6,6,5,6,6,7,5,5,2,5,5,5,6,4,5,6,6,7,3,4,5,4,5,1,4.6,5.35,4,68,6,0.8,0.001523382,0,1,1.178711803,3.162634137,3.653590817,5.500308603,9.586301634,8.466490774,11.29512192,6.737921349,9.841654544,12.17482482,1.176596708,0.592610403
1,58,55,55,2,2,1,2,1,2,2,3,4,4,3,2,3,4,2,4,2,9.981515712,18.21927265,40.59639668,32.31409928,50.40643164,46.96568158,65.75507204,62.11834399,77.85671336,84.22599826,640,600,720,800,800,900,1000,1200,1500,1800,6,5,6,6,5,5,7,6,6,6,7,6,6,7,5,5,6,6,6,5,2,1,2,4,4,1,3.1,5.85,1.666666667,69,2,8.79E-04,0.048216163,0,1,1.552906026,2.83452124,6.315913419,5.027368683,7.842140783,7.306835158,10.23005429,9.664258764,12.11280559,13.10372733,0.875923316,0.705745975
1,58,50,50,2,2,1,2,1,2,2,5,6,5,7,6,5,6,4,2,3,7.08638621,17.71596553,9.18646861,20.86497561,14.04137808,50.91864686,52.99868606,53.01872926,57.87363873,72.70338285,550,580,700,700,750,800,800,1000,1200,2000,5,5,6,6,5,6,6,6,7,7,5,6,7,7,6,5,6,7,6,7,6,6,6,4,5,1,4.9,6.05,6,70,2,8.79E-04,0.048216163,0,1,1.102487054,2.756217634,1.429214047,3.246134885,2.184532015,7.921830293,8.245439001,8.248557286,9.003875255,11.31105982,0.732203318,0.70023187
1,57,55,45,2,2,1,2,1,2,2,4,5,5,4,3,4,5,3,4,3,12.47800815,9.38467363,25.95372247,15.22170011,39.15996704,54.6511369,49.51339554,73.61646215,65.11814355,87.71796985,550,600,700,700,800,1200,1300,1350,1500,2000,5,5,6,5,5,4,6,6,7,5,5,6,5,5,6,6,6,7,6,5,2,2,3,3,4,1,4,5.55,2.333333333,71,2,8.79E-04,0.048216163,0,1,1.94130577,1.460050422,4.037832848,2.368164366,6.092436314,8.502524291,7.703203854,11.45311504,10.13096211,13.64700191,0.56321145,0.806763033
2,60,60,60,2,2,2,2,2,2,2,4,4,3,5,4,4,5,3,4,3,4.654477429,7.990557424,16.13477941,19.20361668,30.44785426,39.60314456,44.48032425,52.32835223,61.18522148,86.63118277,700,800,1000,2000,2200,2800,3000,3500,3600,6000,5,4,4,4,5,5,7,7,7,7,7,7,7,7,7,7,7,7,5,4,5,4,5,4,5,1,3.9,6,4.666666667,72,0,0.028393604,0,0,1,0.724135117,1.243156363,2.51021958,2.987663691,4.737021683,6.161385064,6.920167794,8.141149685,9.519085264,13.47792155,0.322825481,0.944253066
1,57,50,45,2,2,1,2,1,2,2,2,5,5,6,2,6,5,7,7,3,17.80281941,38.38273612,50.25276708,86.99418747,74.62084939,71.5898715,90.78235307,86.8694742,88.25690934,91.53954079,580,550,600,650,700,750,800,900,850,1200,5,6,6,7,7,7,7,7,7,7,7,6,5,4,4,5,5,5,4,2,2,1,2,5,5,1,4.8,5.65,1.666666667,73,2,8.79E-04,0.048216163,0,1,2.769730203,5.971516144,7.81823393,13.53439716,11.60937577,11.13782176,14.12375307,13.5149945,13.73084913,14.24155495,3.379612239,0.391584131
1,56,48,50,2,2,1,2,1,2,2,6,7,6,7,5,7,4,4,6,3,1.307262321,1.307262321,15.68714785,12.74525087,16.01229317,10.45587155,21.8938601,26.47261876,19.93408013,52.94078347,530,550,580,600,650,680,700,750,800,1000,6,6,6,7,6,4,7,6,6,7,6,6,6,6,6,7,5,5,6,6,3,2,2,4,4,1,5.5,6,2.333333333,74,2,8.79E-04,0.048216163,0,1,0.20338149,0.20338149,2.440577877,1.982882906,2.491163393,1.626705442,3.406206859,4.118561787,3.101307862,8.236430622,0.061054459,1.197941801
1,56,60,56,2,2,1,1,1,2,2,5,5,4,3,2,4,4,2,4,1,11.35336169,23.3369708,14.37988553,25.09854575,26.11184108,60.04498586,30.77968064,83.38195666,36.45636149,97.88878249,520,558,550,580,628,680,580,600,600,750,5,6,5,5,5,7,7,4,5,5,6,7,5,6,5,6,5,6,5,6,4,3,4,3,4,1,3.4,5.55,3.666666667,75,3,0.002888692,0.038558799,0,1,1.766335323,3.630723392,2.237196388,3.904786013,4.062432654,9.341689484,4.788646627,12.97241288,5.671814289,15.2293584,0.790442426,0.722295479
2,56,50,40,2,2,1,1,1,2,1,5,5,6,4,4,5,5,5,4,4,45.42458188,53.2681558,55.22793577,85.29496916,75.16424292,79.08602989,64.05362671,73.8569806,77.12402289,88.88938378,550,600,750,900,850,1200,1500,2000,2500,3000,4,5,6,6,7,4,6,4,5,5,6,6,7,6,6,7,6,5,3,3,3,2,2,4,5,1,4.7,5.35,2.333333333,76,4,0.015810018,0.03884851,0,1,7.067073675,8.287362613,8.59226161,13.27003587,11.69391595,12.30406042,9.965346523,11.49053446,11.99881494,13.82924835,5,0.248360401
2,58,58,40,2,2,1,1,1,2,2,6,7,6,7,6,7,6,6,7,6,6.313609336,11.87003096,19.44413514,27.90459435,41.28677371,45.3288199,49.61806561,62.12057101,75.63191769,88.51078992,550,600,700,650,750,850,1000,1200,1400,2000,6,7,6,7,6,7,6,7,5,7,6,7,6,7,6,7,6,7,6,7,6,7,6,4,5,1,6.4,6.45,6.333333333,77,3,0.002888692,0.038558799,0,1,0.982259836,1.846717786,3.025083113,4.34134594,6.42332102,7.052175201,7.719488232,9.66460524,11.76667594,13.77034741,0.398850501,0.937126752
1,65,55,45,2,2,1,1,1,2,1,5,6,5,6,5,6,5,6,5,6,14.11486983,22.82698261,31.53909538,29.64389907,34.56784625,47.82531234,41.76558359,53.12785337,62.22078703,95.55263568,800,1000,1500,2500,2300,4000,2000,3500,5000,10000,5,6,5,6,5,6,5,6,5,6,5,6,5,6,5,6,5,6,5,6,2,3,4,4,5,1,5.5,5.5,3,78,4,0.015810018,0.03884851,0,1,2.195965728,3.551380358,4.906794988,4.6119438,5.378002529,7.440574945,6.497813389,8.265534617,9.680196666,14.86590494,1.160247411,0.59200857
1,57,50,45,2,2,1,1,1,2,1,6,5,5,6,7,6,7,4,6,3,3.912878872,6.059728749,15.2796027,20.20132285,22.85370688,37.7524887,56.06084226,26.26327862,57.82909828,70.83268379,600,800,1000,1300,1700,2400,2800,3500,4500,7500,6,7,6,7,6,5,7,6,6,7,7,6,6,7,6,5,6,7,6,7,6,7,6,4,5,1,5.5,6.3,6.333333333,79,4,0.015810018,0.03884851,0,1,0.608758565,0.942761557,2.377172745,3.142884998,3.555538072,5.873463398,8.721843683,4.085993031,8.996945733,11.02001987,0.424652223,0.795333691
2,58,50,40,2,2,1,1,1,2,1,5,6,5,6,5,6,5,6,5,6,12.97686123,15.2506514,34.82172683,54.64445583,69.03770349,81.15938801,54.64445583,23.96276418,78.50700399,92.52388482,600,800,1000,1500,1800,2000,4000,2500,5000,10000,5,6,5,6,5,6,5,6,5,6,5,6,5,6,5,6,5,6,5,6,2,3,4,4,5,1,5.5,5.5,3,80,4,0.015810018,0.03884851,0,1,2.018916424,2.372668555,5.417500808,8.501484863,10.74076011,12.6266297,8.501484863,3.728083186,12.21397662,14.3946974,1.210186634,0.613331353
1,58,60,50,2,2,1,1,1,2,1,3,3,3,5,5,3,5,2,3,3,13.1305258,21.84263858,22.60205331,39.52074472,32.07135381,41.66536757,56.94497027,98.86421843,69.9507828,81.31305258,650,700,800,1000,1200,1500,1600,2000,3000,4000,5,6,7,6,5,5,7,6,7,7,6,7,7,5,6,7,5,5,5,5,3,3,3,3,3,1,3.5,5.95,3,81,4,0.015810018,0.03884851,0,1,2.042823277,3.398237908,3.516386269,6.148565447,4.989602784,6.482221963,8.859394708,15.38111495,10.88281532,12.65053655,1.113886727,0.622370464
2,57,50,30,2,2,1,1,1,2,1,5,5,5,6,6,5,4,4,6,4,54.90056344,70.91508362,65.03351669,42.81005723,81.04580986,66.99329666,75.48938824,64.05139968,72.87486359,79.08602989,5000,10000,5000,50000,60000,70000,10000,20000,50000,10000,5,4,6,5,6,4,2,3,5,5,6,5,5,5,4,5,5,5,6,5,5,6,5,3,3,1,5,4.8,5.333333333,82,4,0.015810018,0.03884851,0,1,8.541329618,11.03283949,10.11779602,6.660310695,12.60895941,10.42269502,11.74450146,9.965000047,11.33773848,12.30406042,5,0.228466603
1,57,45,55,2,2,1,1,1,1,2,5,6,5,6,5,5,6,5,6,5,7.387034274,15.15266241,22.16110282,21.78028194,25.9470414,40.34028907,45.83212703,56.44166314,89.39491793,100,600,700,900,1000,1500,2000,2500,3500,4000,5000,5,6,6,7,6,5,7,7,6,7,5,3,6,7,6,6,7,5,6,7,5,6,5,5,4,1,5.4,6,5.333333333,83,4,0.037534821,0.001254831,0,1,1.149261331,2.357423606,3.447783994,3.388536576,4.03679342,6.276068664,7.130478807,8.781091102,13.90789843,15.55781778,0.429839291,0.881054352
1,56,50,50,2,2,1,2,1,2,2,5,5,5,6,5,6,5,5,6,5,21.96957887,58.08075184,61.99585774,77.02157985,70.83268379,72.09540565,77.14629312,77.77876757,85.60675233,94.94911253,550,600,800,700,700,850,800,1000,1500,3000,5,4,5,6,5,6,7,7,7,7,6,7,6,7,6,6,6,6,4,4,5,5,5,4,5,1,5.3,5.85,5,84,2,8.79E-04,0.048216163,0,1,3.417987047,9.036097536,9.645202576,11.98287704,11.02001987,11.21647184,12.00227971,12.10067893,13.31854253,14.77200991,5,0.273227519
1,57,50,60,2,2,1,1,1,2,1,3,2,3,2,2,2,2,2,3,2,10.26880164,33.92869073,40.62534797,41.07075251,54.46406699,62.94679643,66.51894083,63.39220097,62.61274302,69.19582211,700,850,800,1500,900,1000,1200,1800,2000,3000,3,5,6,6,6,6,5,5,7,6,5,7,6,5,5,6,6,6,7,5,2,3,3,4,4,1,2.3,5.65,2.666666667,85,4,0.015810018,0.03884851,0,1,1.597601447,5.278563879,6.320417609,6.389712836,8.473420296,9.793147885,10.3488956,9.862443112,9.741176465,10.76535991,2.842180696,0.363735488
2,56,56,46,2,2,1,2,1,2,2,5,5,6,4,1,3,3,1,4,2,10.10177494,15.53125626,28.53484177,28.53484177,19.57107543,38.50967641,27.77988108,41.03512015,48.35757076,73.86366167,600,700,800,1200,1500,1800,2000,2500,3000,3500,3,5,3,4,3,6,5,5,6,7,4,3,5,5,5,4,4,5,5,5,5,4,5,3,4,1,3.4,4.6,4.666666667,86,2,8.79E-04,0.048216163,0,1,1.571615737,2.416324548,4.439398686,4.439398686,3.044832252,5.991265283,4.321943277,6.384169217,7.523382741,11.49157389,0.774599369,0.63493841
1,56,50,40,2,2,1,1,1,2,1,5,5,6,6,5,6,5,4,4,3,4.487450727,8.006146583,18.37293722,17.19261519,21.25915863,35.89960582,38.3515578,43.83226065,52.36175757,65.22281362,560,700,600,800,800,900,1000,1800,2000,3000,5,5,5,6,6,4,6,6,6,7,5,6,5,6,6,5,5,5,5,6,4,3,3,4,5,1,4.9,5.5,3.333333333,87,4,0.015810018,0.03884851,0,1,0.698149407,1.245581696,2.858428093,2.674795743,3.307461161,5.585195256,5.966665478,6.81934324,8.146346827,10.14724649,0.276131948,0.94267651
2,56,60,45,2,2,1,1,1,1,1,5,5,5,6,5,6,5,3,5,2,6.5652629,5.050887469,8.709885754,9.720954057,14.1415941,10.98590295,12.37556511,12.75193194,19.69801572,24.99832973,800,1000,1200,2000,1500,1500,2500,1800,2000,10000,3,5,5,5,5,5,5,5,6,5,5,6,5,3,5,5,3,5,5,3,5,2,5,4,4,1,4.7,4.7,4,88,5,0.043149658,0.031618594,0,1,1.021411639,0.785807869,1.355068154,1.512368318,2.200123441,1.709166762,1.925367868,1.983922335,3.064581392,3.889194587,0.396649444,0.557442033
2,57,57,57,2,2,1,1,1,2,1,3,3,5,5,3,3,3,2,5,3,0,3.409571744,5.935015478,8.081865354,3.409571744,5.681134891,16.28844398,2.777097299,9.84789435,9.84789435,550,580,600,650,580,600,700,800,850,1000,3,5,3,4,5,6,7,5,5,1,7,7,5,4,6,5,4,6,5,4,6,4,3,2,4,1,3.5,4.85,4.333333333,89,4,0.015810018,0.03884851,0,1,0,0.530454959,0.923358893,1.257361885,0.530454959,0.883860614,2.534126433,0.432055737,1.532117458,1.532117458,0.233502928,0.459828943
1,60,55,40,2,2,1,1,1,2,1,6,7,6,5,4,6,6,2,4,2,25.75774447,32.70382825,46.33766118,62.12057101,49.87417322,64.64601474,67.42533906,69.06665479,73.7389484,89.14103735,800,1000,1200,1500,1700,1800,2000,2500,2200,5000,6,7,5,6,6,4,6,6,6,6,4,6,6,7,6,6,6,6,7,6,2,2,3,4,4,1,4.8,5.9,2.333333333,90,4,0.015810018,0.03884851,0,1,4.007342948,5.088002006,7.209128889,9.66460524,7.759332987,10.05750917,10.48991139,10.7452643,11.47217122,13.86840016,2.668532771,0.407310223
2,20,25,18,1,2,1,1,1,1,1,3,3,7,7,5,5,7,2,7,4,7,36,60,81,38,77,86,63,83,100,1500,2000,2500,2000,2500,2500,2500,5000,3000,5000,5,3,7,5,4,7,5,1,7,7,7,7,4,3,3,5,2,7,5,7,1,1,4,3,1,2,5,5.05,2,91,6,0.370696374,0.037719145,-1,-1,1.089047244,5.6008144,9.334690667,12.6018324,5.911970755,11.97951969,13.37972329,9.8014252,12.91298876,15.55781778,1.868775395,0.518089045
1,36,40,65,2,2,1,1,1,2,1,2,3,3,4,7,2,2,5,2,4,59,44,54,86,70,64,72,68,61,100,1500,1000,1000,1050,1450,1500,2000,2500,2800,5000,6,3,3,2,3,2,7,4,7,4,1,4,2,3,3,5,3,4,1,3,7,4,7,3,1,2,3.4,3.5,6,92,4,0.015810018,0.03884851,1,0,9.179112489,6.845439822,8.4012216,13.37972329,10.89047244,9.957003378,11.2016288,10.57931609,9.490268844,15.55781778,4.641045215,0.270302916
2,18,18,21,2,2,1,1,1,2,1,7,6,7,7,2,6,5,1,7,7,9,22,32,33,41,21,26,30,36,47,2000,700,4000,1000,2500,3000,4000,3000,7000,6000,5,5,7,7,7,7,7,7,7,7,7,4,6,2,2,4,1,7,2,2,1,5,7,3,2,2,5.5,5.15,4.333333333,93,4,0.015810018,0.03884851,-1,-1,1.4002036,3.422719911,4.978501689,5.134079867,6.378705289,3.267141733,4.045032622,4.667345333,5.6008144,7.312174355,1.428629009,0.381412746
2,24,30,30,2,2,1,1,1,1,1,3,4,3,5,1,3,4,1,1,4,13,45,49,55,68,71,79,77,100,100,800,800,1000,1000,1000,600,2000,3000,1500,2000,3,4,4,7,7,7,7,7,7,7,6,7,4,6,5,5,4,6,2,3,1,2,3,2,2,2,2.9,5.4,2,94,5,0.043149658,0.031618594,-1,-1,2.022516311,7.001018,7.623330711,8.556799778,10.57931609,11.04605062,12.29067604,11.97951969,15.55781778,15.55781778,3.453114804,0.381817831
1,19,22,17,1,2,1,1,1,1,1,4,6,7,7,1,5,7,4,7,1,18,53,40,41,46,50,39,48,66,37,2500,6899,9999,8800,7500,9999,8700,9800,7899,9999,6,4,5,6,7,2,4,5,7,7,7,6,3,4,4,7,6,5,1,3,3,2,2,4,2,2,4.9,4.95,2.333333333,95,6,0.370696374,0.037719145,-1,-1,2.8004072,8.245643422,6.223127111,6.378705289,7.156596178,7.778908889,6.067548933,7.467752533,10.26815973,5.756392578,4.457714655,0.151718285
2,36,35,29,2,2,1,1,1,2,2,2,5,6,5,4,5,5,5,4,3,14,19,23,34,46,63,31,37,49,84,2000,3000,2000,2500,2600,5000,8000,8500,9000,9000,4,5,4,3,4,4,2,2,7,4,7,7,2,2,2,3,3,3,3,3,5,2,3,2,2,2,4.4,3.7,3.333333333,96,3,0.002888692,0.038558799,1,0,2.178094489,2.955985378,3.578298089,5.289658044,7.156596178,9.8014252,4.822923511,5.756392578,7.623330711,13.06856693,0.924027098,0.646939885
1,58,65,40,2,2,1,1,1,1,1,1,2,7,7,1,7,7,1,7,1,100,100,100,100,100,100,100,100,100,100,2000,2000,4000,5000,9999,9999,9999,9999,9999,9999,3,2,7,3,7,3,1,1,7,7,7,7,1,1,1,7,7,7,4,4,1,1,1,2,2,2,4.1,4.35,1,97,5,0.043149658,0.031618594,0,1,15.55781778,15.55781778,15.55781778,15.55781778,15.55781778,15.55781778,15.55781778,15.55781778,15.55781778,15.55781778,5,0.354985183
2,44,44,50,2,2,2,2,2,2,2,2,2,1,2,6,2,2,4,2,1,11,21,36,36,24,54,26,77,19,67,1500,5000,5000,8000,8000,5000,8000,8000,8000,8000,6,6,6,5,5,7,3,2,6,5,4,3,3,2,2,5,4,4,5,4,1,3,3,3,2,2,2.4,4.35,2.333333333,98,0,0.028393604,0,1,0,1.711359956,3.267141733,5.6008144,5.6008144,3.733876267,8.4012216,4.045032622,11.97951969,2.955985378,10.42373791,1.421156744,0.486624035
2,41,45,24,1,2,1,1,1,1,1,2,2,4,7,1,3,3,1,2,2,15,35,50,52,61,67,63,70,61,66,800,800,1400,1000,2000,1500,2000,2000,3000,5000,4,5,4,7,5,6,7,7,7,6,7,7,7,7,7,3,3,3,2,2,2,2,3,2,2,2,2.7,5.3,2.333333333,100,6,0.370696374,0.037719145,1,0,2.333672667,5.445236222,7.778908889,8.090065244,9.490268844,10.42373791,9.8014252,10.89047244,9.490268844,10.26815973,4.261989464,0.261913271
2,38,50,38,2,2,1,1,1,2,1,3,6,5,2,1,1,1,1,2,1,7,51,46,17,44,55,8,53,100,100,520,550,580,600,620,630,660,800,900,1200,5,6,3,7,6,2,7,7,7,5,5,5,4,3,4,5,5,5,3,4,2,2,3,1,2,2,2.3,4.9,2.333333333,101,4,0.015810018,0.03884851,1,0,1.089047244,7.934487067,7.156596178,2.644829022,6.845439822,8.556799778,1.244625422,8.245643422,15.55781778,15.55781778,1.065562015,0.65487154
2,57,30,60,2,2,1,1,1,2,1,5,4,4,5,5,4,4,5,3,3,29,39,49,51,53,60,74,69,89,87,800,1000,1800,2000,3500,3000,3000,3500,6000,9999,5,4,5,4,4,5,7,5,6,2,6,7,7,7,5,3,3,4,4,4,2,1,1,3,2,2,4.2,4.85,1.333333333,102,4,0.015810018,0.03884851,0,1,4.511767155,6.067548933,7.623330711,7.934487067,8.245643422,9.334690667,11.51278516,10.73489427,13.84645782,13.53530147,3.251176123,0.351166036
2,38,38,50,1,1,1,1,1,1,1,3,3,2,2,2,5,2,7,7,2,7,45,43,73,52,88,69,100,100,100,600,520,525,650,530,550,680,780,800,2000,6,6,2,5,5,7,1,3,6,5,7,7,2,2,4,5,5,5,2,2,1,1,1,5,2,2,3.5,4.35,1,103,7,0.8,0.029050265,1,0,1.089047244,7.001018,6.689861644,11.35720698,8.090065244,13.69087964,10.73489427,15.55781778,15.55781778,15.55781778,3.196695464,0.437433773
2,36,42,28,1,2,1,1,1,1,1,2,2,5,6,5,2,2,2,3,2,11,21,22,28,41,48,58,70,91,97,700,900,800,1000,1000,2000,2200,3000,1500,5000,6,7,3,2,6,6,2,1,7,7,4,4,1,1,2,2,2,3,2,3,2,4,6,3,2,2,3.1,3.55,4,104,6,0.370696374,0.037719145,1,0,1.711359956,3.267141733,3.422719911,4.356188978,6.378705289,7.467752533,9.023534311,10.89047244,14.15761418,15.09108324,0.886268209,0.728183394
1,60,55,55,2,2,1,1,1,1,1,5,4,6,6,6,4,5,3,3,2,43,61,44,70,50,64,55,75,52,72,510,550,600,570,600,650,680,700,700,1000,3,5,4,3,4,4,4,4,4,3,4,3,3,4,4,4,5,6,5,6,2,4,3,3,2,2,4.4,4.1,3,105,5,0.043149658,0.031618594,0,1,6.689861644,9.490268844,6.845439822,10.89047244,7.778908889,9.957003378,8.556799778,11.66836333,8.090065244,11.2016288,5,0.197003128
1,25,22,22,1,1,1,1,1,1,1,6,2,1,1,1,2,1,4,4,3,38,7,26,37,37,42,33,38,19,40,555,555,555,555,555,555,555,555,555,555,3,4,2,2,2,4,3,4,2,2,5,5,3,1,1,3,4,5,5,2,5,3,4,4,3,2,2.5,3.1,4,106,7,0.8,0.029050265,-1,-1,5.911970755,1.089047244,4.045032622,5.756392578,5.756392578,6.534283467,5.134079867,5.911970755,2.955985378,6.223127111,2.733403873,0.200949817
2,24,24,20,2,2,1,2,1,2,2,5,6,5,6,4,4,5,4,5,4,7,21,37,57,62,76,80,85,87,91,800,1000,900,2000,3500,4000,4200,4500,4700,5000,4,5,5,5,5,5,4,1,5,5,7,7,2,2,2,6,5,5,4,4,3,2,2,3,3,2,4.8,4.4,2.333333333,107,2,8.79E-04,0.048216163,-1,-1,1.089047244,3.267141733,5.756392578,8.867956133,9.645847022,11.82394151,12.44625422,13.22414511,13.53530147,14.15761418,1.837777224,0.557429257
2,22,22,20,2,2,1,1,1,2,1,3,1,2,6,6,2,2,6,6,3,29,60,68,58,68,58,71,94,82,90,2000,6000,6000,3000,9000,8000,9000,9500,1000,2000,3,4,1,1,1,3,7,4,5,6,6,7,3,2,2,4,3,3,1,3,3,2,2,3,3,2,3.7,3.45,2.333333333,108,4,0.015810018,0.03884851,-1,-1,4.511767155,9.334690667,10.57931609,9.023534311,10.57931609,9.023534311,11.04605062,14.62434871,12.75741058,14.002036,4.152873285,0.312382196
2,18,18,20,2,2,1,2,1,2,2,7,7,6,7,4,5,5,6,7,2,23,53,81,87,94,100,100,100,100,100,900,1200,1500,2000,2800,5000,6000,8000,9999,9999,5,5,4,6,6,5,7,7,7,7,7,7,6,5,5,6,6,6,6,6,3,2,2,3,3,2,5.6,5.95,2.333333333,109,2,8.79E-04,0.048216163,-1,-1,3.578298089,8.245643422,12.6018324,13.53530147,14.62434871,15.55781778,15.55781778,15.55781778,15.55781778,15.55781778,5,0.333749456
2,23,23,33,2,2,1,1,1,2,1,5,5,4,7,6,5,5,3,5,3,18,25,59,48,60,54,60,66,62,71,1000,900,800,1000,1500,2000,2400,2000,3000,5000,4,5,5,5,5,6,6,5,5,5,3,5,2,2,2,4,4,4,3,5,4,3,3,3,3,2,4.8,4.25,3.333333333,110,4,0.015810018,0.03884851,-1,-1,2.8004072,3.889454444,9.179112489,7.467752533,9.334690667,8.4012216,9.334690667,10.26815973,9.645847022,11.04605062,4.004071143,0.247859876
1,24,24,30,2,2,1,1,1,1,1,6,6,7,7,4,6,6,5,6,2,24,74,49,54,84,100,48,100,98,100,650,750,1250,1000,1700,1000,1000,1500,1500,2500,6,7,2,5,5,6,7,2,7,7,6,7,7,7,7,7,6,7,7,6,3,3,2,3,3,2,5.5,6.05,2.666666667,111,5,0.043149658,0.031618594,-1,-1,3.733876267,11.51278516,7.623330711,8.4012216,13.06856693,15.55781778,7.467752533,15.55781778,15.24666142,15.55781778,3.441206189,0.415175446
2,20,18,18,2,2,2,2,2,2,2,5,5,6,7,7,3,2,2,5,1,8,21,100,100,100,13,28,100,65,87,500,500,500,500,500,1000,500,500,500,500,3,6,3,2,2,7,6,6,6,5,6,6,6,6,6,6,6,5,6,4,3,3,3,3,3,2,4.3,5.15,3,112,0,0.028393604,0,-1,-1,1.244625422,3.267141733,15.55781778,15.55781778,15.55781778,2.022516311,4.356188978,15.55781778,10.11258156,13.53530147,1.457016755,0.544281284
1,21,21,21,2,2,1,1,1,2,1,7,5,5,6,4,5,4,1,4,1,6,18,13,13,15,12,40,14,69,11,509,506,503,600,502,600,600,700,500,1000,4,5,5,4,4,4,7,7,7,4,4,4,4,4,5,5,5,4,4,4,4,3,5,3,3,2,4.2,4.7,4,113,4,0.015810018,0.03884851,-1,-1,0.933469067,2.8004072,2.022516311,2.022516311,2.333672667,1.866938133,6.223127111,2.178094489,10.73489427,1.711359956,1.749854257,0.064622041
1,21,21,18,2,2,1,1,1,1,1,7,7,6,6,4,6,4,2,7,7,15,46,63,37,42,57,74,62,78,75,4000,7000,8000,6000,5000,7000,9000,9000,9999,9999,6,6,5,4,7,7,6,6,5,5,4,7,1,2,2,7,6,5,5,4,7,6,6,3,3,2,5.6,5,6.333333333,114,5,0.043149658,0.031618594,-1,-1,2.333672667,7.156596178,9.8014252,5.756392578,6.534283467,8.867956133,11.51278516,9.645847022,12.13509787,11.66836333,2.161351854,0.440022968
1,22,26,25,2,2,1,1,1,1,1,6,5,6,5,5,3,3,6,5,4,25,6,25,20,28,21,45,46,43,57,800,900,2000,1200,1000,2000,2000,3000,3000,6000,4,4,5,6,5,3,4,4,5,5,4,4,5,4,4,5,5,5,3,4,3,3,3,4,3,2,4.8,4.4,3,115,5,0.043149658,0.031618594,-1,-1,3.889454444,0.933469067,3.889454444,3.111563556,4.356188978,3.267141733,7.001018,7.156596178,6.689861644,8.867956133,1.095767848,0.510537314
2,22,25,17,2,2,1,1,1,2,1,4,4,5,7,5,3,4,1,3,1,0,0,0,4,9,22,24,32,36,44,1000,1000,600,1000,1000,1000,1000,1000,1000,1000,2,4,6,3,4,6,3,4,4,5,7,7,2,3,2,2,2,3,2,2,1,1,2,3,3,2,3.7,3.65,1.333333333,116,4,0.015810018,0.03884851,-1,-1,0,0,0,0.622312711,1.4002036,3.422719911,3.733876267,4.978501689,5.6008144,6.845439822,5.51E-09,5
2,19,17,20,2,2,2,2,2,2,2,4,5,7,7,1,1,2,7,7,4,4,21,28,15,46,28,28,45,66,77,800,1100,1400,1700,2000,2600,2900,3500,4100,6500,2,4,4,7,6,2,4,4,7,7,7,4,4,7,5,7,7,7,7,7,1,1,1,2,3,2,4.5,5.45,1,117,0,0.028393604,0,-1,-1,0.622312711,3.267141733,4.356188978,2.333672667,7.156596178,4.356188978,4.356188978,7.001018,10.26815973,11.97951969,0.426169664,0.814963713
1,18,18,17,1,1,1,1,1,1,1,3,3,3,3,3,3,3,6,5,5,74,32,63,35,37,48,56,68,66,71,700,800,500,650,650,600,550,500,500,600,3,3,3,3,3,3,3,3,3,3,3,3,3,3,3,3,3,3,3,3,1,1,1,3,3,2,3.7,3,1,118,7,0.8,0.029050265,-1,-1,11.51278516,4.978501689,9.8014252,5.445236222,5.756392578,7.467752533,8.712377955,10.57931609,10.26815973,11.04605062,5,0.193574547
2,18,18,18,1,2,2,1,1,1,1,5,5,5,5,2,3,5,4,6,3,12,30,34,50,40,40,52,43,41,27,600,1000,1200,1000,2500,2000,1200,3500,2000,3000,4,4,4,6,5,4,4,4,5,4,4,5,5,6,4,4,4,5,4,4,3,3,3,4,3,2,4.3,4.45,3,119,5,0.183596415,8.58E-04,-1,-1,1.866938133,4.667345333,5.289658044,7.778908889,6.223127111,6.223127111,8.090065244,6.689861644,6.378705289,4.2006108,3.466947579,0.19224739
2,22,22,25,2,2,1,1,1,2,2,5,5,6,6,2,4,6,3,6,3,11,22,15,16,23,18,11,22,47,69,800,1000,1200,1500,1800,2000,2000,2500,3000,5000,4,5,4,4,5,4,7,7,7,7,7,7,5,4,3,4,4,5,2,2,3,3,3,4,3,2,4.6,4.85,3,120,3,0.002888692,0.038558799,-1,-1,1.711359956,3.422719911,2.333672667,2.489250844,3.578298089,2.8004072,1.711359956,3.422719911,7.312174355,10.73489427,0.95774047,0.486639925
2,25,20,18,2,2,1,1,1,2,1,4,4,3,7,4,1,5,3,3,2,11,31,29,35,60,69,52,79,74,99,700,750,650,1000,1700,2000,1600,1500,2500,4000,3,5,4,3,5,4,7,6,7,7,5,6,3,5,3,7,6,6,5,4,2,3,4,4,3,2,3.6,5.05,3,121,4,0.015810018,0.03884851,-1,-1,1.711359956,4.822923511,4.511767155,5.445236222,9.334690667,10.73489427,8.090065244,12.29067604,11.51278516,15.4022396,1.206633896,0.629287853
2,25,30,35,2,2,1,2,1,2,2,4,5,6,7,5,5,6,1,5,1,6,15,23,35,48,53,49,71,67,84,800,600,800,800,1000,2000,1500,2000,2500,5000,6,5,6,7,7,5,7,6,7,5,6,7,6,6,6,5,5,6,4,4,3,3,4,4,3,2,4.5,5.8,3.333333333,122,2,8.79E-04,0.048216163,-1,-1,0.933469067,2.333672667,3.578298089,5.445236222,7.467752533,8.245643422,7.623330711,11.04605062,10.42373791,13.06856693,0.943163538,0.67034963
1,38,35,50,2,2,1,1,1,2,2,3,3,4,3,1,1,2,2,3,3,0,6,13,15,29,32,38,63,67,92,550,600,650,800,800,1200,1000,1250,1500,2500,4,5,3,2,3,6,4,3,2,3,5,7,2,2,2,2,3,2,1,2,3,4,3,3,3,2,2.5,3.15,3.333333333,123,3,0.002888692,0.038558799,1,0,0,0.933469067,2.022516311,2.333672667,4.511767155,4.978501689,5.911970755,9.8014252,10.42373791,14.31319236,0.234381991,1.00439929
2,25,22,25,2,2,1,1,1,1,1,5,5,4,6,5,4,4,3,3,2,3,6,23,15,25,22,9,25,32,42,5000,9999,5000,5000,9000,9999,8000,9999,9999,8000,4,3,4,3,4,6,5,4,7,4,5,4,5,4,5,5,5,5,5,4,6,4,4,2,3,2,4.1,4.55,4.666666667,124,5,0.043149658,0.031618594,-1,-1,0.466734533,0.933469067,3.578298089,2.333672667,3.889454444,3.422719911,1.4002036,3.889454444,4.978501689,6.534283467,0.309873742,0.744771542
2,24,24,22,2,2,1,1,1,2,1,5,5,5,6,4,6,5,2,6,4,17,16,54,14,23,78,26,37,95,98,1500,2000,800,1000,2000,2000,1500,5000,5000,9500,5,4,4,4,4,4,3,3,6,6,7,7,7,6,6,5,6,6,3,3,1,1,1,3,3,2,4.8,4.95,1,125,4,0.015810018,0.03884851,-1,-1,2.644829022,2.489250844,8.4012216,2.178094489,3.578298089,12.13509787,4.045032622,5.756392578,14.77992689,15.24666142,1.101110282,0.641736179
2,18,18,22,1,2,1,1,1,2,1,4,5,7,7,3,5,3,4,6,4,7,14,27,44,26,46,64,45,81,100,2000,3500,7500,8500,5000,5500,2100,9999,9999,9999,3,4,5,4,3,4,3,1,7,6,7,7,2,2,2,4,3,7,4,6,3,3,2,3,3,2,4.8,4.2,2.666666667,126,5,0.033373544,1.00E-03,-1,-1,1.089047244,2.178094489,4.2006108,6.845439822,4.045032622,7.156596178,9.957003378,7.001018,12.6018324,15.55781778,0.495108351,0.84203065
1,25,25,28,2,2,1,1,1,2,1,4,5,6,6,7,4,4,2,3,1,29,14,48,52,68,68,19,78,78,90,1000,1000,2300,3000,1500,1500,5000,5000,5000,9000,5,4,4,5,4,6,6,6,6,6,6,4,5,6,4,6,5,6,4,6,3,3,6,5,3,2,4.2,5.2,4,127,4,0.015810018,0.03884851,-1,-1,4.511767155,2.178094489,7.467752533,8.090065244,10.57931609,10.57931609,2.955985378,12.13509787,12.13509787,14.002036,3.262286816,0.366536875
1,43,40,50,2,2,1,1,1,2,1,3,4,3,3,3,3,3,2,2,1,5,6,7,7,8,10,16,11,14,7,600,800,900,1000,1200,1300,1508,2000,3000,5000,4,3,4,4,6,6,7,6,7,6,3,6,4,4,5,3,3,4,5,4,4,3,3,3,3,2,2.7,4.7,3.333333333,128,4,0.015810018,0.03884851,1,0,0.777890889,0.933469067,1.089047244,1.089047244,1.244625422,1.555781778,2.489250844,1.711359956,2.178094489,1.089047244,0.47787588,0.374885426
1,39,45,25,2,2,1,1,1,2,1,3,3,4,4,5,3,3,3,3,3,36,54,33,44,35,57,42,39,45,57,2000,3000,2000,4500,5000,4000,5000,3500,6000,5000,3,4,4,4,3,3,5,5,6,4,6,3,3,3,3,3,3,3,3,3,3,3,3,3,3,2,3.4,3.7,3,129,4,0.015810018,0.03884851,1,0,5.6008144,8.4012216,5.134079867,6.845439822,5.445236222,8.867956133,6.534283467,6.067548933,7.001018,8.867956133,5,0.093959768
1,68,60,68,1,1,1,1,1,1,1,3,3,3,3,3,3,3,3,3,3,53,57,48,54,49,51,49,50,54,55,1500,1000,1200,2000,1800,2300,2500,5000,3000,6000,5,6,5,5,6,6,4,4,6,4,6,5,4,4,4,5,4,4,4,4,4,4,3,3,3,2,3,4.75,3.666666667,130,7,0.8,0.029050265,0,1,8.245643422,8.867956133,7.467752533,8.4012216,7.623330711,7.934487067,7.623330711,7.778908889,8.4012216,8.556799778,5,0.144813432
2,56,60,40,2,2,1,1,1,1,1,5,4,5,6,3,5,4,3,6,3,23,46,71,86,100,100,100,100,100,100,1000,2000,2000,1000,1000,1000,2000,2000,2000,5000,3,3,5,5,5,4,7,7,5,4,7,6,2,1,3,4,3,3,5,5,6,5,4,3,3,2,4.4,4.35,5,131,5,0.043149658,0.031618594,0,1,3.578298089,7.156596178,11.04605062,13.37972329,15.55781778,15.55781778,15.55781778,15.55781778,15.55781778,15.55781778,3.16177851,0.468442996
1,61,55,75,2,2,1,1,1,1,1,4,2,5,7,5,3,2,1,2,1,19,10,13,22,31,27,29,39,42,50,1000,800,900,1300,1200,1500,2000,1800,3000,2500,5,4,6,5,3,2,6,5,6,5,7,7,6,4,3,7,5,5,6,6,5,2,2,4,3,2,3.2,5.15,3,132,5,0.043149658,0.031618594,0,1,2.955985378,1.555781778,2.022516311,3.422719911,4.822923511,4.2006108,4.511767155,6.067548933,6.534283467,7.778908889,1.058552186,0.487145149
2,60,55,65,2,2,1,2,1,2,2,3,3,5,2,1,1,1,1,1,1,0,81,31,17,77,100,33,8,65,17,2500,2000,5000,1000,2000,3000,3000,7000,8000,5000,7,6,6,3,3,7,6,6,7,4,7,7,7,7,7,5,2,2,6,6,2,1,1,2,3,2,1.9,5.55,1.333333333,133,2,8.79E-04,0.048216163,0,1,0,12.6018324,4.822923511,2.644829022,11.97951969,15.55781778,5.134079867,1.244625422,10.11258156,2.644829022,3.792554456,0.095299756
2,42,42,42,1,1,1,1,1,1,1,6,4,7,6,3,7,4,3,5,4,15,27,30,30,35,46,34,41,59,51,550,580,590,600,620,630,700,690,800,1200,4,5,5,6,6,6,5,4,6,5,3,6,4,5,5,5,4,5,3,3,3,2,3,4,3,2,4.9,4.75,2.666666667,134,7,0.8,0.029050265,1,0,2.333672667,4.2006108,4.667345333,4.667345333,5.445236222,7.156596178,5.289658044,6.378705289,9.179112489,7.934487067,2.519044439,0.280355437
2,40,38,20,2,2,1,1,1,2,1,3,5,4,5,3,3,4,4,4,3,0,0,10,11,4,6,7,15,44,59,800,800,1000,1000,1200,2000,2000,2500,3000,5000,2,3,4,4,2,3,1,5,6,7,6,6,5,4,4,3,3,3,4,4,2,2,2,3,3,2,3.8,3.95,2,135,4,0.015810018,0.03884851,1,0,0,0,1.555781778,1.711359956,0.622312711,0.933469067,1.089047244,2.333672667,6.845439822,9.179112489,3.39E-04,2.492599277
1,37,40,20,2,2,1,1,1,1,1,4,4,2,4,2,2,2,2,3,1,2,5,4,16,8,32,41,63,52,66,3000,4000,2000,4000,5000,7000,8000,9000,9000,9800,4,5,5,3,5,7,5,4,5,4,3,4,4,4,2,3,2,2,5,5,3,2,4,3,3,2,2.6,4.05,3,136,5,0.043149658,0.031618594,1,0,0.311156356,0.777890889,0.622312711,2.489250844,1.244625422,4.978501689,6.378705289,9.8014252,8.090065244,10.26815973,0.094962147,1.240366643
2,42,45,40,2,2,1,1,1,1,1,4,4,4,4,4,4,4,1,1,1,5,13,20,35,30,31,28,26,35,42,600,600,1200,800,1800,1900,2000,800,2500,5000,5,5,5,4,4,6,4,5,6,5,7,7,4,4,5,5,4,5,4,4,3,4,3,3,3,2,3.1,4.9,3.333333333,137,5,0.043149658,0.031618594,1,0,0.777890889,2.022516311,3.111563556,5.445236222,4.667345333,4.822923511,4.356188978,4.045032622,5.445236222,6.534283467,1.247621983,0.404745962
1,60,40,65,2,2,1,1,1,1,2,3,1,5,4,3,2,4,1,5,2,14,34,49,38,70,82,92,51,69,74,600,800,600,1000,1000,2000,2000,3000,3000,3000,5,7,3,7,5,7,4,6,7,4,7,5,6,7,6,1,5,7,6,7,4,5,7,5,3,2,3,5.6,5.333333333,138,4,0.037534821,0.001254831,0,1,2.178094489,5.289658044,7.623330711,5.911970755,10.89047244,12.75741058,14.31319236,7.934487067,10.73489427,11.51278516,2.699530544,0.385195523
1,37,40,30,2,2,1,1,1,1,1,4,3,5,7,3,4,3,1,4,1,6,36,14,20,28,44,55,68,58,83,530,600,800,700,850,3500,2000,3000,4500,5000,1,3,5,3,1,3,6,6,6,5,5,5,3,2,3,5,5,3,1,1,4,1,3,3,3,2,3.5,3.6,2.666666667,139,5,0.043149658,0.031618594,1,0,0.933469067,5.6008144,2.178094489,3.111563556,4.356188978,6.845439822,8.556799778,10.57931609,9.023534311,12.91298876,0.533580605,0.78898919
1,40,20,50,1,2,1,1,1,1,1,1,1,1,4,4,4,1,4,4,4,6,12,9,13,13,14,18,18,17,24,520,520,700,520,700,520,1000,500,5000,1000,3,3,4,4,4,4,4,5,4,4,4,4,4,4,4,4,4,4,4,4,4,4,4,3,3,2,2.8,3.95,4,140,6,0.370696374,0.037719145,1,0,0.933469067,1.866938133,1.4002036,2.022516311,2.022516311,2.178094489,2.8004072,2.8004072,2.644829022,3.733876267,0.678366787,0.416471417
1,39,35,45,2,2,1,1,1,2,2,4,4,3,5,4,3,2,1,5,1,14,32,35,50,66,60,73,82,90,100,1100,1700,2300,2900,3500,4700,5300,6500,7700,9999,5,5,5,3,3,4,7,7,7,7,7,7,5,5,5,4,4,4,3,3,1,1,2,3,3,2,3.2,5,1.333333333,141,3,0.002888692,0.038558799,1,0,2.178094489,4.978501689,5.445236222,7.778908889,10.26815973,9.334690667,11.35720698,12.75741058,14.002036,15.55781778,1.86186971,0.563013618
2,37,40,45,1,2,2,1,1,1,1,4,4,4,5,3,6,5,3,3,4,65,41,77,36,35,78,23,35,23,66,1000,800,900,1100,1170,1150,1500,1200,3000,5000,4,3,5,5,4,4,3,3,5,6,5,3,4,3,4,4,3,4,3,3,5,3,3,4,3,2,4.1,3.9,3.666666667,142,5,0.183596415,8.58E-04,1,0,10.11258156,6.378705289,11.97951969,5.6008144,5.445236222,12.13509787,3.578298089,5.445236222,3.578298089,10.26815973,5,0.045625172
2,44,41,39,2,1,1,1,1,1,1,3,4,4,5,4,3,2,1,3,2,38,20,66,54,39,6,78,33,22,53,600,800,1000,1000,900,1000,1000,5000,9000,3000,3,5,3,6,4,5,4,4,2,6,4,3,1,5,5,7,7,7,5,3,6,7,5,3,3,2,3.1,4.45,6,143,6,0.8,0.001523382,1,0,5.911970755,3.111563556,10.26815973,8.4012216,6.067548933,0.933469067,12.13509787,5.134079867,3.422719911,8.245643422,5,0.071466418
2,36,25,40,1,2,1,1,1,1,1,4,7,7,5,1,7,7,7,7,5,37,43,41,46,35,52,54,40,39,51,5000,5000,5000,5000,5000,5000,5000,5000,5000,5000,5,7,7,7,7,5,7,7,7,7,7,7,6,7,7,5,5,5,5,7,3,3,4,3,3,2,5.7,6.35,3.333333333,144,6,0.370696374,0.037719145,1,0,5.756392578,6.689861644,6.378705289,7.156596178,5.445236222,8.090065244,8.4012216,6.223127111,6.067548933,7.934487067,5,0.112770807
2,60,60,70,2,2,1,1,1,2,1,3,2,6,1,2,1,1,1,5,1,0,11,14,0,8,8,5,20,15,41,1500,2500,4000,5000,2000,8000,3000,5000,9999,9999,3,2,3,4,4,3,7,7,7,7,7,7,7,6,6,6,5,5,3,7,1,1,1,3,3,2,2.3,5.3,1,145,4,0.015810018,0.03884851,0,1,0,1.711359956,2.178094489,0,1.244625422,1.244625422,0.777890889,3.111563556,2.333672667,6.378705289,0.334557494,0.542265953
2,66,66,55,2,2,1,1,1,1,1,1,1,1,7,7,1,1,1,1,1,10,9,6,9,11,8,14,12,20,29,3000,5000,9888,9888,1988,9888,2888,9888,9888,9888,4,3,5,6,1,7,3,4,4,3,3,5,4,3,4,2,3,4,5,3,1,1,1,3,3,2,2.2,3.8,1,146,5,0.043149658,0.031618594,0,1,1.555781778,1.4002036,0.933469067,1.4002036,1.711359956,1.244625422,2.178094489,1.866938133,3.111563556,4.511767155,0.235644254,0.720050354
2,57,57,40,1,2,1,1,1,1,1,3,2,2,2,3,4,1,2,5,2,28,37,21,47,59,58,67,75,97,100,1500,3000,1000,6000,1500,4200,1000,1500,4000,9999,4,5,2,2,2,5,5,5,4,3,5,5,5,5,5,3,3,3,5,5,2,2,2,3,3,2,2.6,4.05,2,147,6,0.370696374,0.037719145,0,1,4.356188978,5.756392578,3.267141733,7.312174355,9.179112489,9.023534311,10.42373791,11.66836333,15.09108324,15.55781778,2.655187966,0.431863511
1,56,50,45,2,2,1,1,1,1,1,3,4,5,5,5,5,5,3,4,4,45,22,33,72,25,49,54,44,46,62,1500,1000,3000,3500,2000,2100,3500,3000,4000,5000,5,5,3,5,6,5,3,5,5,5,5,6,2,2,2,4,4,5,4,4,6,2,3,3,3,2,4.3,4.25,3.666666667,148,5,0.043149658,0.031618594,0,1,7.001018,3.422719911,5.134079867,11.2016288,3.889454444,7.623330711,8.4012216,6.845439822,7.156596178,9.645847022,2.792675588,0.283982422
1,24,24,30,2,2,1,1,1,2,1,6,4,3,7,3,5,5,5,6,3,11,24,36,52,61,87,91,92,100,100,800,1000,1500,1800,2000,2500,2400,3000,3600,8000,4,6,3,6,5,3,6,6,6,6,5,5,6,5,4,5,5,4,3,4,3,3,2,4,4,2,4.7,4.85,2.666666667,149,4,0.015810018,0.03884851,-1,-1,1.711359956,3.733876267,5.6008144,8.090065244,9.490268844,13.53530147,14.15761418,14.31319236,15.55781778,15.55781778,1.237688207,0.706869713
1,36,40,20,2,2,1,1,1,2,1,4,7,7,7,1,1,4,1,7,1,0,0,0,0,2,9,28,28,20,39,800,800,1000,1000,2000,5000,9999,8000,9999,9999,7,6,7,7,7,4,6,4,7,4,7,7,5,5,6,4,2,6,1,1,4,2,2,2,4,2,4,5.15,2.666666667,150,4,0.015810018,0.03884851,1,0,0,0,0,0,0.311156356,1.4002036,4.356188978,4.356188978,3.111563556,6.067548933,5.85E-10,5
1,20,18,18,1,1,1,1,1,1,1,4,5,7,7,7,4,4,4,6,3,23,38,29,50,65,76,50,100,81,100,800,1000,5000,1000,7000,2200,7500,2000,9999,9999,5,6,6,7,6,6,7,7,7,7,7,7,7,7,7,7,7,7,7,7,3,3,3,4,4,2,5.1,6.7,3,151,7,0.8,0.029050265,-1,-1,3.578298089,5.911970755,4.511767155,7.778908889,10.11258156,11.82394151,7.778908889,15.55781778,12.6018324,15.55781778,2.527612588,0.448366017
1,24,24,30,2,2,1,1,1,2,2,5,5,6,6,5,5,5,6,6,6,38,67,81,84,56,68,97,78,100,100,800,700,900,1000,1800,3000,2500,3000,3000,5000,5,5,4,5,6,4,7,5,5,5,6,6,5,5,5,6,6,5,5,4,4,4,4,4,4,2,5.5,5.2,4,152,3,0.002888692,0.038558799,-1,-1,5.911970755,10.42373791,12.6018324,13.06856693,8.712377955,10.57931609,15.09108324,12.13509787,15.55781778,15.55781778,5,0.277371382
1,20,20,18,2,2,1,1,1,2,2,7,7,7,7,5,6,6,4,6,2,0,3,5,7,9,13,11,13,27,29,600,700,800,1000,1000,1000,1500,1500,2000,3000,5,7,4,6,7,3,7,7,7,7,7,7,5,5,4,7,7,7,4,5,4,5,4,4,4,2,5.7,5.9,4.333333333,153,3,0.002888692,0.038558799,-1,-1,0,0.466734533,0.777890889,1.089047244,1.4002036,2.022516311,1.711359956,2.022516311,4.2006108,4.511767155,0.100067398,0.931371221
2,21,21,18,2,2,1,1,1,2,1,6,5,6,5,2,5,5,7,7,3,4,11,26,30,40,62,42,73,80,100,800,1000,1500,2000,2500,3000,3000,4500,5000,8000,5,5,6,7,5,5,6,7,6,6,6,6,7,6,5,6,5,6,5,5,2,3,3,3,4,2,5.1,5.75,2.666666667,154,4,0.015810018,0.03884851,-1,-1,0.622312711,1.711359956,4.045032622,4.667345333,6.223127111,9.645847022,6.534283467,11.35720698,12.44625422,15.55781778,0.831526479,0.719979496
1,21,20,30,2,2,1,1,1,1,1,3,5,5,5,4,7,3,1,4,7,3,22,26,38,13,61,55,88,100,100,1500,3000,5000,6000,7500,7000,6000,6000,7500,8600,3,4,3,2,5,4,4,6,3,4,4,3,5,4,5,6,6,5,4,3,4,3,2,4,4,2,4.4,4.15,3,155,5,0.043149658,0.031618594,-1,-1,0.466734533,3.422719911,4.045032622,5.911970755,2.022516311,9.490268844,8.556799778,13.69087964,15.55781778,15.55781778,0.961831769,0.687889686
2,18,18,25,2,2,1,1,1,2,1,5,5,7,6,6,4,4,4,4,3,7,13,13,25,27,27,34,36,52,75,1500,3000,4500,1500,1700,5000,2000,1500,2000,3000,5,5,4,4,5,5,5,3,7,7,5,7,4,5,5,5,5,5,3,2,2,2,2,4,4,2,4.8,4.8,2,156,4,0.015810018,0.03884851,-1,-1,1.089047244,2.022516311,2.022516311,3.889454444,4.2006108,4.2006108,5.289658044,5.6008144,8.090065244,11.66836333,0.47535255,0.781593997
1,41,38,40,2,2,1,2,1,2,2,5,6,7,3,1,2,3,2,5,1,12,7,16,41,57,42,55,73,100,100,550,600,650,700,750,880,900,1100,1200,2000,5,7,6,3,7,7,7,2,7,7,2,3,6,7,6,5,3,5,2,1,1,2,1,4,4,2,3.5,4.9,1.333333333,157,2,8.79E-04,0.048216163,1,0,1.866938133,1.089047244,2.489250844,6.378705289,8.867956133,6.534283467,8.556799778,11.35720698,15.55781778,15.55781778,0.926568072,0.699449775
1,24,20,25,2,2,1,1,1,1,1,7,7,5,7,7,4,1,5,7,1,3,7,15,14,26,28,33,37,61,69,550,600,800,600,700,1500,2000,2500,3000,5000,7,7,4,4,3,6,7,4,7,7,7,4,1,7,7,7,1,3,1,1,3,3,3,5,4,2,5.1,4.75,3,158,5,0.043149658,0.031618594,-1,-1,0.466734533,1.089047244,2.333672667,2.178094489,4.045032622,4.356188978,5.134079867,5.756392578,9.490268844,10.73489427,0.169323046,1.037014294
2,42,42,42,2,2,1,2,1,2,2,3,3,3,3,4,3,3,4,3,2,31,43,56,74,80,81,88,100,100,100,550,600,700,800,1000,2000,2200,2500,3000,5000,1,7,4,7,7,7,7,7,7,7,7,7,7,6,6,6,5,5,2,3,5,4,6,4,4,2,3.1,5.75,5,159,2,8.79E-04,0.048216163,1,0,4.822923511,6.689861644,8.712377955,11.51278516,12.44625422,12.6018324,13.69087964,15.55781778,15.55781778,15.55781778,3.675095991,0.404728336
2,24,24,20,2,2,1,2,1,2,2,7,4,7,7,4,7,5,3,6,2,0,0,1,4,4,8,8,13,19,30,550,600,900,1200,1500,2100,2400,3000,3600,6000,3,5,5,5,4,5,7,7,7,7,7,7,5,4,4,6,6,6,5,5,2,2,2,4,4,2,5.2,5.5,2,160,2,8.79E-04,0.048216163,-1,-1,0,0,0.155578178,0.622312711,0.622312711,1.244625422,1.244625422,2.022516311,2.955985378,4.667345333,1.062157925,0.052071471
2,42,35,30,2,2,1,2,1,2,2,4,5,4,5,1,3,4,3,4,3,2,14,37,44,47,64,60,60,63,88,550,580,580,600,700,750,800,1000,1200,1500,5,6,3,4,4,4,4,7,7,6,7,7,5,7,7,4,4,4,4,3,3,4,3,5,4,2,3.6,5.1,3.333333333,161,2,8.79E-04,0.048216163,1,0,0.311156356,2.178094489,5.756392578,6.845439822,7.312174355,9.957003378,9.334690667,9.334690667,9.8014252,13.69087964,1.802414926,0.495334407
2,20,25,30,2,2,1,1,1,2,1,7,7,7,7,5,5,4,5,7,4,17,34,52,45,49,47,39,59,47,69,3000,5000,6000,8000,7000,6000,8500,8000,9000,9999,6,7,7,7,7,4,6,5,6,7,7,7,6,7,7,7,7,7,7,5,4,4,5,4,4,2,5.8,6.45,4.333333333,162,4,0.015810018,0.03884851,-1,-1,2.644829022,5.289658044,8.090065244,7.001018,7.623330711,7.312174355,6.067548933,9.179112489,7.312174355,10.73489427,2.555341318,0.35055888
2,23,23,20,2,2,1,1,1,2,1,5,6,6,7,3,5,5,4,6,3,21,37,81,100,93,100,100,100,100,100,1000,1500,1800,1500,1750,2000,2000,2600,3000,6000,5,3,5,6,2,4,6,6,7,7,7,7,5,4,3,5,6,6,2,2,4,3,5,4,4,2,5,4.9,4,163,4,0.015810018,0.03884851,-1,-1,3.267141733,5.756392578,12.6018324,15.55781778,14.46877053,15.55781778,15.55781778,15.55781778,15.55781778,15.55781778,5,0.333828656
2,36,38,32,2,2,1,1,1,1,1,3,2,4,5,2,2,2,3,3,2,8,16,36,49,52,70,76,86,96,100,600,800,1000,501,1800,1800,2000,2000,2300,3000,4,4,4,5,5,5,3,2,5,5,6,7,3,2,2,3,2,2,2,2,4,4,4,4,4,2,2.8,3.65,4,164,5,0.043149658,0.031618594,1,0,1.244625422,2.489250844,5.6008144,7.623330711,8.090065244,10.89047244,11.82394151,13.37972329,14.93550507,15.55781778,1.246146591,0.693072063
1,23,25,20,2,2,1,1,1,2,1,7,5,7,7,4,5,4,5,7,3,7,23,30,50,74,61,61,55,20,15,700,800,900,1000,3000,4500,4000,5500,5000,8000,4,4,3,4,4,3,5,5,6,7,5,5,3,5,5,4,4,3,2,2,3,4,4,2,4,2,5.4,4.15,3.666666667,165,4,0.015810018,0.03884851,-1,-1,1.089047244,3.578298089,4.667345333,7.778908889,11.51278516,9.490268844,9.490268844,8.556799778,3.111563556,2.333672667,2.470572155,0.365241411
2,18,18,20,1,2,1,1,1,1,1,7,7,4,5,1,7,4,3,7,3,86,74,51,65,73,87,76,81,65,41,520,600,800,1000,1050,1100,1300,1800,1320,2000,5,4,4,4,6,1,3,7,1,4,7,6,5,5,6,5,5,5,5,5,3,3,5,4,4,2,4.8,4.65,3.666666667,166,6,0.370696374,0.037719145,-1,-1,13.37972329,11.51278516,7.934487067,10.11258156,11.35720698,13.53530147,11.82394151,12.6018324,10.11258156,6.378705289,5,0.270883666
2,20,23,25,2,2,1,1,1,2,1,5,4,5,6,3,5,7,4,7,5,10,18,51,33,35,42,64,59,78,67,1000,5000,7000,2000,6000,4000,2000,5000,8000,7000,5,6,3,4,5,6,5,4,7,7,7,3,3,3,3,6,4,5,4,4,3,3,3,3,4,2,5.1,4.7,3,167,4,0.015810018,0.03884851,-1,-1,1.555781778,2.8004072,7.934487067,5.134079867,5.445236222,6.534283467,9.957003378,9.179112489,12.13509787,10.42373791,1.015238442,0.647250822
1,23,20,32,2,2,1,1,1,1,1,5,5,7,3,1,4,1,7,6,1,9,28,52,42,39,49,59,63,70,87,500,500,500,500,500,500,500,500,500,500,7,7,4,5,3,4,4,4,4,5,4,2,1,1,1,3,3,4,1,1,1,1,1,4,4,2,4,3.4,1,168,5,0.043149658,0.031618594,-1,-1,1.4002036,4.356188978,8.090065244,6.534283467,6.067548933,7.623330711,9.179112489,9.8014252,10.89047244,13.53530147,1.769018276,0.503355116
1,18,25,25,2,2,1,1,1,2,2,3,3,5,6,5,5,4,4,5,4,25,45,64,34,30,46,72,68,83,87,1500,3000,4500,6000,7500,1050,5000,530,6000,3000,4,6,5,5,6,5,1,1,5,6,6,5,4,4,4,5,5,5,3,4,3,2,2,3,4,2,4.4,4.45,2.333333333,169,3,0.002888692,0.038558799,-1,-1,3.889454444,7.001018,9.957003378,5.289658044,4.667345333,7.156596178,11.2016288,10.57931609,12.91298876,13.53530147,2.807418799,0.390019852
1,38,39,30,2,2,1,1,1,2,1,7,4,5,5,6,5,5,6,7,6,19,31,39,48,50,61,66,77,91,94,600,700,800,1200,1000,2000,2050,3600,4000,9000,6,5,6,7,5,5,7,7,5,6,5,7,6,4,6,5,4,6,5,3,5,3,3,5,4,2,5.6,5.5,3.666666667,171,4,0.015810018,0.03884851,1,0,2.955985378,4.822923511,6.067548933,7.467752533,7.778908889,9.490268844,10.26815973,11.97951969,14.15761418,14.62434871,1.79710634,0.548412819
2,58,55,45,2,2,1,1,1,1,1,5,5,4,5,5,5,5,5,6,6,5,12,9,22,15,30,80,78,87,94,800,1200,1600,1500,2000,2500,3000,4000,5000,9999,5,5,5,5,5,5,6,6,6,6,7,7,5,5,5,5,5,5,5,5,4,4,3,3,4,2,5.1,5.4,3.666666667,172,5,0.043149658,0.031618594,0,1,0.777890889,1.866938133,1.4002036,3.422719911,2.333672667,4.667345333,12.44625422,12.13509787,13.53530147,14.62434871,0.259992773,0.984732555
2,38,38,40,2,2,1,2,1,2,2,6,4,4,5,5,4,4,4,5,3,5,18,25,32,51,65,71,81,91,96,800,1100,1400,1700,2000,2600,2900,3500,4100,6500,4,4,3,6,4,6,5,5,5,5,5,7,6,5,5,5,5,5,4,4,2,2,2,4,4,2,4.4,4.9,2,173,2,8.79E-04,0.048216163,1,0,0.777890889,2.8004072,3.889454444,4.978501689,7.934487067,10.11258156,11.04605062,12.6018324,14.15761418,14.93550507,0.606898565,0.878891095
2,45,40,50,2,2,2,2,2,2,2,3,3,2,2,2,2,2,3,2,3,0,8,13,10,18,25,33,26,29,11,700,550,600,650,600,850,1000,1200,1600,2000,3,2,2,4,5,4,6,5,6,5,6,5,5,5,5,4,4,3,4,3,3,2,3,5,4,2,2.4,4.3,2.666666667,174,0,0.028393604,0,1,0,0,1.244625422,2.022516311,1.555781778,2.8004072,3.889454444,5.134079867,4.045032622,4.511767155,1.711359956,0.570239258,0.576052944
1,60,55,40,1,2,1,1,1,1,1,4,4,5,5,4,4,4,3,4,3,2,8,11,19,7,27,18,17,16,35,550,600,550,800,600,600,1000,1000,800,1200,5,4,5,4,4,3,7,6,5,5,4,5,6,3,4,5,6,5,4,5,4,4,5,4,4,2,4,4.75,4.333333333,175,6,0.370696374,0.037719145,0,1,0.311156356,1.244625422,1.711359956,2.955985378,1.089047244,4.2006108,2.8004072,2.644829022,2.489250844,5.445236222,0.230240058,0.772555465
1,55,47,50,2,2,1,1,1,2,2,2,2,2,6,2,2,1,1,6,1,0,0,0,0,0,0,0,0,0,0,1500,5000,4500,6000,3500,5000,9000,4500,7000,8000,6,6,7,6,4,4,7,1,7,7,7,7,3,2,3,4,2,2,3,5,1,1,1,4,4,2,2.5,4.65,1,176,3,0.002888692,0.038558799,0,1,0,0,0,0,0,0,0,0,0,0,0,0
1,56,40,55,2,1,1,1,1,1,1,2,2,1,3,4,2,2,2,3,3,21,28,57,48,65,73,71,72,85,100,1500,1000,1000,1500,2000,1500,2000,2000,2000,3000,5,5,3,3,5,6,5,4,5,5,3,5,7,6,7,4,3,3,6,2,4,2,3,4,4,2,2.4,4.6,3,177,6,0.8,0.001523382,0,1,3.267141733,4.356188978,8.867956133,7.467752533,10.11258156,11.35720698,11.04605062,11.2016288,13.22414511,15.55781778,2.857419168,0.425347323
1,36,28,35,1,2,1,1,1,1,1,5,3,3,5,5,3,4,4,5,3,15,24,33,38,40,50,51,66,68,83,1000,1500,2500,2500,3000,4000,4500,5500,6500,9999,5,5,4,6,6,5,6,5,5,5,7,5,3,2,2,5,5,5,2,2,2,2,2,4,4,2,4,4.5,2,178,6,0.370696374,0.037719145,1,0,2.333672667,3.733876267,5.134079867,5.911970755,6.223127111,7.778908889,7.934487067,10.26815973,10.57931609,12.91298876,1.344862927,0.5754133
2,39,39,35,1,1,1,1,1,1,1,3,2,2,2,2,2,2,4,4,4,25,50,71,68,53,80,64,68,86,16,1000,1500,1900,9000,1600,2400,3000,3000,5000,1200,5,3,6,3,3,5,5,5,3,7,7,7,5,5,4,5,4,5,3,2,7,7,7,4,4,2,2.7,4.6,7,180,7,0.8,0.029050265,1,0,3.889454444,7.778908889,11.04605062,10.57931609,8.245643422,12.44625422,9.957003378,10.57931609,13.37972329,2.489250844,5,0.220359479
1,61,60,50,2,2,1,1,1,2,1,5,5,6,7,4,6,5,1,5,5,14,22,29,35,41,42,46,52,34,40,2000,1000,3000,3500,3500,4000,4000,5000,6000,9000,3,5,4,5,6,3,6,6,4,4,4,6,7,6,5,6,4,4,5,6,2,2,2,3,4,2,4.9,4.95,2,181,4,0.015810018,0.03884851,0,1,2.178094489,3.422719911,4.511767155,5.445236222,6.378705289,6.534283467,7.156596178,8.090065244,5.289658044,6.223127111,2.149167581,0.365218891
1,36,30,30,2,2,1,1,1,2,1,3,3,3,7,7,3,3,2,2,4,16,20,46,53,57,73,94,100,100,100,1000,1000,1000,1000,1000,1500,1500,1500,1500,3000,6,6,3,6,7,6,4,1,5,5,1,1,1,1,1,1,1,1,3,3,5,3,2,4,4,2,3.7,3.15,3.333333333,182,4,0.015810018,0.03884851,1,0,2.489250844,3.111563556,7.156596178,8.245643422,8.867956133,11.35720698,14.62434871,15.55781778,15.55781778,15.55781778,1.233246036,0.709045144
1,40,40,30,1,1,1,1,1,1,1,7,7,7,7,4,7,7,4,7,7,22,16,20,21,21,18,15,20,21,15,1500,3000,4500,6000,7500,9999,9999,9999,9999,9999,7,7,7,7,7,7,1,7,7,7,7,7,1,1,1,4,4,4,4,4,7,4,4,4,4,2,6.4,5.05,5,183,7,0.8,0.029050265,1,0,3.422719911,2.489250844,3.111563556,3.267141733,3.267141733,2.8004072,2.333672667,3.111563556,3.267141733,2.333672667,3.111563556,0
1,60,50,50,2,2,1,1,1,1,1,5,6,6,4,4,3,3,4,2,3,14,36,31,50,49,73,68,100,100,100,2000,4000,5000,7000,8000,9000,9000,9500,9000,9999,4,5,4,4,5,7,7,7,7,5,7,5,4,4,4,4,4,5,5,6,5,5,4,4,4,2,4,5.15,4.666666667,184,5,0.043149658,0.031618594,0,1,2.178094489,5.6008144,4.822923511,7.778908889,7.623330711,11.35720698,10.57931609,15.55781778,15.55781778,15.55781778,1.325238074,0.654074286
2,60,55,35,2,2,1,2,1,2,1,2,2,2,2,2,2,1,4,2,1,55,49,56,66,58,84,57,74,72,84,740,980,520,520,1800,520,3600,520,5000,8000,5,6,5,4,7,7,6,6,6,5,7,7,6,6,6,7,6,6,6,5,4,4,5,3,4,2,2,5.95,4.333333333,185,3,0.002224325,0.001252601,0,1,8.556799778,7.623330711,8.712377955,10.26815973,9.023534311,13.06856693,8.867956133,11.51278516,11.2016288,13.06856693,5,0.234747712
2,55,55,40,2,2,1,2,1,2,1,4,3,2,4,1,2,3,4,3,3,30,43,57,46,79,52,77,90,55,81,600,2000,800,5500,4000,5000,6000,8888,4000,4000,5,2,3,4,2,6,7,4,7,5,6,7,5,4,4,5,4,4,5,5,3,5,3,3,4,2,2.9,4.7,3.666666667,186,3,0.002224325,0.001252601,0,1,4.667345333,6.689861644,8.867956133,7.156596178,12.29067604,8.090065244,11.97951969,14.002036,8.556799778,12.6018324,3.789796142,0.293507514
2,42,38,30,2,2,1,1,1,2,1,3,3,2,7,5,4,3,2,2,1,11,11,19,28,22,32,33,48,45,66,1500,2000,2500,3000,3500,5000,5000,7000,8000,9999,3,6,4,5,3,2,6,6,4,4,7,7,7,7,6,5,6,6,4,3,4,3,4,4,4,2,3.2,5.05,3.666666667,187,4,0.015810018,0.03884851,1,0,1.711359956,1.711359956,2.955985378,4.356188978,3.422719911,4.978501689,5.134079867,7.467752533,7.001018,10.26815973,0.642536386,0.676349784
2,42,30,18,1,2,1,1,1,1,1,5,5,4,4,3,3,2,4,4,1,2,6,8,11,15,13,12,16,28,45,800,1000,1000,1000,1500,2000,2500,3000,5000,9000,4,7,6,4,7,4,7,7,7,7,7,5,3,2,3,7,7,6,2,4,3,4,4,5,4,2,3.5,5.3,3.666666667,188,6,0.370696374,0.037719145,1,0,0.311156356,0.933469067,1.244625422,1.711359956,2.333672667,2.022516311,1.866938133,2.489250844,4.356188978,7.001018,0.154490326,0.93139248
2,38,40,30,2,2,1,2,1,2,2,7,7,7,7,7,7,7,5,7,4,17,22,19,34,24,17,40,32,41,56,600,700,700,800,730,750,800,900,2000,5000,4,4,2,3,3,3,3,4,2,3,3,2,4,4,4,4,4,4,4,4,4,5,5,3,4,2,6.5,3.4,4.666666667,189,2,8.79E-04,0.048216163,1,0,2.644829022,3.422719911,2.955985378,5.289658044,3.733876267,2.644829022,6.223127111,4.978501689,6.378705289,8.712377955,1.650041147,0.37746589
1,40,40,35,2,2,2,2,2,2,2,6,5,6,7,6,4,5,5,6,4,8,15,19,36,44,53,60,68,76,97,550,600,650,700,750,850,1000,1200,1300,2000,5,6,6,7,6,7,6,6,7,7,7,6,6,5,5,6,5,5,5,6,4,4,4,4,4,2,5.4,5.95,4,190,0,0.028393604,0,1,0,1.244625422,2.333672667,2.955985378,5.6008144,6.845439822,8.245643422,9.334690667,10.57931609,11.82394151,15.09108324,0.511355112,0.876689082
2,56,50,45,2,2,1,1,1,1,1,4,3,3,5,6,6,5,4,4,5,10,22,35,37,28,50,43,62,67,82,600,550,800,1000,2000,1200,3000,2200,3500,5000,4,5,3,6,5,6,2,4,6,7,7,7,6,7,6,4,5,5,5,3,2,2,3,3,4,2,4.5,5.15,2.333333333,191,5,0.043149658,0.031618594,0,1,1.555781778,3.422719911,5.445236222,5.756392578,4.356188978,7.778908889,6.689861644,9.645847022,10.42373791,12.75741058,1.152946562,0.614238336
1,60,55,60,1,2,1,1,1,1,1,6,6,6,6,7,6,6,7,7,7,16,24,45,77,64,39,54,71,67,94,520,600,580,600,650,1200,1000,1300,1500,3000,6,6,6,6,7,3,7,7,7,7,6,7,7,3,7,7,6,7,6,7,5,5,5,4,4,2,6.4,6.25,5,192,6,0.370696374,0.037719145,0,1,2.489250844,3.733876267,7.001018,11.97951969,9.957003378,6.067548933,8.4012216,11.04605062,10.42373791,14.62434871,1.754968091,0.517834457
2,69,60,50,2,2,1,1,1,2,2,3,5,2,2,3,4,3,2,5,4,13,26,28,41,50,70,74,80,81,100,520,580,550,600,700,650,650,800,800,1500,6,6,3,7,7,6,7,7,7,7,4,5,7,7,7,7,7,7,5,5,1,1,1,4,4,2,3.3,6.2,1,193,3,0.002888692,0.038558799,0,1,2.022516311,4.045032622,4.356188978,6.378705289,7.778908889,10.89047244,11.51278516,12.44625422,12.6018324,15.55781778,1.319034592,0.630156317
1,68,68,60,1,2,1,1,1,1,1,7,7,7,5,7,6,5,1,4,2,13,17,10,35,27,84,20,12,12,0,3000,7777,9999,9999,1000,9999,9957,999,9999,999,7,5,5,5,4,1,5,6,6,7,7,7,7,6,7,5,4,6,6,6,4,5,4,4,4,2,5.1,5.6,4.333333333,194,6,0.370696374,0.037719145,0,1,2.022516311,2.644829022,1.555781778,5.445236222,4.2006108,13.06856693,3.111563556,1.866938133,1.866938133,0,2.492663709,0
2,60,30,30,2,2,1,1,1,2,1,3,3,2,2,1,2,2,1,3,2,3,10,14,22,20,34,34,39,46,55,888,1088,1000,1288,1888,3288,2888,5888,7888,9998,4,4,5,4,6,7,3,3,5,3,7,2,7,4,4,6,4,4,3,4,7,4,4,2,4,2,2.1,4.45,5,195,4,0.015810018,0.03884851,0,1,0.466734533,1.555781778,2.178094489,3.422719911,3.111563556,5.289658044,5.289658044,6.067548933,7.156596178,8.556799778,0.244351645,0.942536923
1,42,40,45,2,2,1,2,1,2,2,3,3,2,5,3,2,2,3,3,3,70,49,48,59,38,62,33,59,27,32,550,680,685,600,700,750,800,1000,1200,2000,5,4,5,5,5,5,3,4,5,5,5,5,4,5,4,4,4,4,3,3,3,2,3,4,4,2,2.9,4.35,2.666666667,196,2,8.79E-04,0.048216163,1,0,10.89047244,7.623330711,7.467752533,9.179112489,5.911970755,9.645847022,5.134079867,9.179112489,4.2006108,4.978501689,5,0.06192371
2,56,56,56,2,2,1,1,1,2,1,1,1,1,1,1,1,1,3,5,1,80,100,100,100,100,100,100,100,100,100,4000,4000,9000,5000,5000,9000,9000,5000,2000,9900,2,7,4,5,3,5,7,7,7,7,7,7,7,7,7,7,7,7,4,5,3,3,3,4,4,2,1.6,5.95,3,197,4,0.015810018,0.03884851,0,1,12.44625422,15.55781778,15.55781778,15.55781778,15.55781778,15.55781778,15.55781778,15.55781778,15.55781778,15.55781778,5,0.35498622
2,41,41,25,2,2,1,1,1,2,1,4,3,4,3,3,3,2,1,6,2,5,7,14,13,15,16,23,28,30,22,850,890,1500,1000,1200,1800,2000,2000,2500,3000,6,6,3,6,6,3,7,7,7,2,7,7,6,6,7,5,6,5,5,5,3,3,3,3,4,2,3.1,5.6,3,198,4,0.015810018,0.03884851,1,0,0.777890889,1.089047244,2.178094489,2.022516311,2.333672667,2.489250844,3.578298089,4.356188978,4.667345333,3.422719911,0.409126915,0.643111788
2,56,60,50,2,2,1,1,1,1,1,3,2,3,2,2,3,2,1,2,3,10,7,15,21,23,19,33,35,41,72,800,1000,1500,1000,1500,2100,2000,3000,3000,5000,4,3,5,4,3,6,7,7,7,6,7,6,6,5,6,4,3,4,2,3,2,1,2,2,4,2,2.3,4.9,1.666666667,199,5,0.043149658,0.031618594,0,1,1.555781778,1.089047244,2.333672667,3.267141733,3.578298089,2.955985378,5.134079867,5.445236222,6.378705289,11.2016288,0.492349212,0.732714353
2,40,50,30,2,2,1,1,1,2,2,3,6,3,7,7,5,3,4,5,1,62,85,86,25,69,44,95,18,71,54,2000,4000,500,500,500,500,500,1000,500,1000,3,1,7,4,2,6,7,7,7,7,6,7,3,4,3,7,7,5,5,3,4,3,6,3,4,2,4.4,5.05,4.333333333,200,3,0.002888692,0.038558799,1,0,9.645847022,13.22414511,13.37972329,3.889454444,10.73489427,6.845439822,14.77992689,2.8004072,11.04605062,8.4012216,5,0.1775422
1,65,70,50,2,2,1,1,1,1,1,2,2,4,2,2,2,3,3,2,2,15,16,28,43,58,68,48,78,59,88,1000,1000,1200,8000,2000,5000,5000,9999,9999,9999,4,6,4,5,4,6,6,6,5,5,4,6,5,5,5,6,5,5,3,4,2,2,2,3,4,2,2.4,4.95,2,201,5,0.043149658,0.031618594,0,1,2.333672667,2.489250844,4.356188978,6.689861644,9.023534311,10.57931609,7.467752533,12.13509787,9.179112489,13.69087964,1.070000199,0.62280884
1,63,63,55,2,2,2,2,2,2,2,5,5,4,5,3,4,4,6,6,6,69,73,80,73,88,67,58,52,53,69,1500,1800,1900,800,1000,2000,1600,900,2500,5000,5,5,5,5,5,4,3,3,3,3,3,5,3,3,5,3,4,2,5,3,5,5,4,4,4,2,4.8,3.85,4.666666667,202,0,0.028393604,0,0,1,10.73489427,11.35720698,12.44625422,11.35720698,13.69087964,10.42373791,9.023534311,8.090065244,8.245643422,10.73489427,5,0.186632371
2,65,60,63,1,1,1,1,1,1,1,4,4,5,4,3,4,4,4,4,4,36,46,51,34,50,47,38,32,35,40,3500,2000,4500,1000,8000,1500,4500,8500,9999,9000,4,4,5,3,4,5,5,4,6,5,6,5,5,5,5,5,6,5,6,6,4,4,4,4,4,2,4,4.95,4,203,7,0.8,0.029050265,0,1,5.6008144,7.156596178,7.934487067,5.289658044,7.778908889,7.312174355,5.911970755,4.978501689,5.445236222,6.223127111,5,0.053438767
2,60,60,40,1,2,1,1,1,1,1,4,3,6,6,6,6,6,7,7,5,31,32,36,32,43,56,60,53,76,95,1000,3000,4000,5000,5000,8000,8000,8000,9000,9900,5,5,5,5,6,4,6,6,5,5,7,7,7,7,7,5,5,5,6,3,3,2,2,4,4,2,5.6,5.55,2.333333333,204,6,0.370696374,0.037719145,0,1,4.822923511,4.978501689,5.6008144,4.978501689,6.689861644,8.712377955,9.334690667,8.245643422,11.82394151,14.77992689,1.842964284,0.508641619
1,20,30,20,2,2,1,1,1,2,1,7,5,2,7,3,4,2,6,6,2,46,42,47,54,67,85,85,92,96,72,800,800,2000,2500,9999,9999,9999,9999,9999,9999,5,5,6,3,1,5,6,5,6,7,7,7,5,5,4,4,4,4,1,6,5,5,6,3,5,2,4.4,4.8,5.333333333,205,4,0.015810018,0.03884851,-1,-1,7.156596178,6.534283467,7.312174355,8.4012216,10.42373791,13.22414511,13.22414511,14.31319236,14.93550507,11.2016288,3.482836023,0.406224407
2,21,21,20,1,2,1,1,1,1,1,7,7,7,7,7,7,7,7,7,4,30,58,51,53,16,52,44,60,26,34,2000,3000,8888,5000,1000,5000,5000,5000,5000,9999,4,7,6,7,7,5,7,7,4,3,7,7,5,4,4,2,2,7,7,4,3,4,4,5,5,2,6.7,5.3,3.666666667,206,6,0.370696374,0.037719145,-1,-1,4.667345333,9.023534311,7.934487067,8.245643422,2.489250844,8.090065244,6.845439822,9.334690667,4.045032622,5.289658044,5,0.098855303
2,22,22,32,2,2,1,1,1,2,1,7,6,6,7,7,7,7,3,5,2,36,49,55,78,94,90,100,100,100,100,1500,800,1200,1000,2500,1500,2000,2100,3000,5000,6,7,6,7,7,6,7,5,7,5,7,7,4,4,4,5,5,7,7,7,6,5,6,5,5,2,5.7,6,5.666666667,207,4,0.015810018,0.03884851,-1,-1,5.6008144,7.623330711,8.556799778,12.13509787,14.62434871,14.002036,15.55781778,15.55781778,15.55781778,15.55781778,4.209045177,0.384232092
2,37,37,30,2,2,1,2,1,2,2,6,5,6,7,5,6,6,6,7,4,49,67,72,80,86,85,77,96,87,100,800,1000,800,1300,1600,1200,1500,2000,1800,2500,5,5,5,6,6,2,5,5,5,5,5,6,4,3,3,5,5,5,5,4,4,4,4,4,5,2,5.8,4.7,4,208,2,8.79E-04,0.048216163,1,0,7.623330711,10.42373791,11.2016288,12.44625422,13.37972329,13.22414511,11.97951969,14.93550507,13.53530147,15.55781778,5,0.319356224
2,22,22,18,2,2,1,1,1,2,2,6,3,5,7,5,5,5,4,4,3,6,34,43,53,79,77,64,82,96,98,800,1000,1000,1200,2000,2000,2000,3000,3000,4000,4,4,5,5,2,3,7,6,7,7,6,7,6,4,4,6,6,6,4,4,3,5,5,5,5,2,4.7,5.15,4.333333333,209,3,0.002888692,0.038558799,-1,-1,0.933469067,5.289658044,6.689861644,8.245643422,12.29067604,11.97951969,9.957003378,12.75741058,14.93550507,15.24666142,0.829106818,0.803693375
1,38,30,18,2,2,1,1,1,2,1,7,7,5,7,7,7,5,1,6,2,5,13,11,28,65,87,40,91,100,100,1500,3000,4500,6000,7500,9998,9997,9996,9999,9000,4,7,7,4,7,1,7,7,7,7,7,7,7,7,5,7,7,7,5,5,1,1,1,1,5,2,5.4,6.1,1,210,4,0.015810018,0.03884851,1,0,0.777890889,2.022516311,1.711359956,4.356188978,10.11258156,13.53530147,6.223127111,14.15761418,15.55781778,15.55781778,0.588720299,0.805488214
2,22,24,18,2,2,1,1,1,2,1,6,7,4,5,4,6,7,3,6,4,28,28,22,12,15,61,59,33,79,85,520,520,540,580,550,600,600,570,620,700,5,7,6,7,5,6,7,7,7,6,7,7,5,6,6,7,7,6,6,7,3,4,5,4,5,2,5.2,6.35,4,211,4,0.015810018,0.03884851,-1,-1,4.356188978,4.356188978,3.422719911,1.866938133,2.333672667,9.490268844,9.179112489,5.134079867,12.29067604,13.22414511,1.528102285,0.527240117
2,25,25,19,2,2,1,1,1,2,2,6,5,6,7,7,5,5,4,5,7,48,77,78,82,100,100,100,100,100,100,800,1000,1500,1000,1500,2000,1500,4000,5000,8000,5,6,7,6,3,3,4,4,7,7,7,7,5,7,6,5,5,5,1,5,1,1,1,4,5,2,5.7,5.25,1,212,3,0.002888692,0.038558799,-1,-1,7.467752533,11.97951969,12.13509787,12.75741058,15.55781778,15.55781778,15.55781778,15.55781778,15.55781778,15.55781778,5,0.354986166
1,24,18,18,2,2,1,1,1,2,1,7,4,7,7,1,7,7,7,7,3,10,19,20,30,30,26,54,36,60,79,3000,6000,4000,5000,5000,7000,6000,9000,8000,9999,4,7,4,4,7,1,7,7,7,7,7,7,7,7,7,7,7,7,4,4,4,5,5,5,5,2,5.7,5.95,4.666666667,213,4,0.015810018,0.03884851,-1,-1,1.555781778,2.955985378,3.111563556,4.667345333,4.667345333,4.045032622,8.4012216,5.6008144,9.334690667,12.29067604,0.716493322,0.694191318
2,19,20,20,2,2,2,1,1,2,2,4,7,7,7,7,4,7,1,3,2,1,3,21,12,51,84,67,93,82,50,1500,1000,1300,5000,1500,4000,6000,3500,4500,9999,5,7,7,4,7,4,7,6,7,7,7,7,7,7,7,7,7,7,7,7,3,2,3,5,5,2,4.9,6.55,2.666666667,214,2,0.001289029,0.001428412,-1,-1,0.155578178,0.466734533,3.267141733,1.866938133,7.934487067,13.06856693,10.42373791,14.46877053,12.75741058,7.778908889,0.111170669,1.323433276
2,21,18,25,2,2,1,1,1,2,1,7,6,6,6,3,6,7,4,7,6,0,0,1,0,3,1,1,6,4,30,800,2000,1000,1500,1900,1800,3500,2500,3000,5000,5,6,3,5,4,5,6,6,6,6,7,6,2,2,2,6,6,6,4,4,3,3,5,4,5,2,5.8,4.85,3.666666667,215,4,0.015810018,0.03884851,-1,-1,0,0,0.155578178,0,0.466734533,0.155578178,0.155578178,0.933469067,0.622312711,4.667345333,2.58E-05,2.955561553
1,21,21,18,1,1,1,1,1,1,1,7,6,7,6,7,7,7,1,2,3,75,56,48,88,63,40,91,38,86,61,7068,4500,4560,5000,6000,7085,2607,4800,4068,2400,5,6,3,3,5,5,3,6,7,7,6,7,5,4,4,5,5,6,6,7,5,6,7,5,5,2,5.3,5.25,6,216,7,0.8,0.029050265,-1,-1,11.66836333,8.712377955,7.467752533,13.69087964,9.8014252,6.223127111,14.15761418,5.911970755,13.37972329,9.490268844,5,0.248526836
1,41,38,46,2,2,1,1,1,2,1,7,3,3,7,4,5,3,1,5,1,6,16,2,6,15,14,6,2,7,37,550,580,650,700,700,800,800,700,1000,1200,3,4,4,5,5,4,6,6,7,6,6,5,6,6,6,7,4,4,5,3,2,1,1,5,5,2,3.9,5.1,1.333333333,217,4,0.015810018,0.03884851,1,0,0.933469067,2.489250844,0.311156356,0.933469067,2.333672667,2.178094489,0.933469067,0.311156356,1.089047244,5.756392578,0.871321882,0.062318336
2,55,55,30,1,1,1,1,1,1,1,4,4,4,4,4,4,1,1,1,1,8,0,0,0,0,0,0,0,13,28,1000,5000,8000,9999,999,9999,2000,9999,9999,999,7,7,5,3,6,2,5,3,6,5,6,3,6,7,7,7,7,7,3,7,1,1,1,3,5,2,2.8,5.45,1,218,7,0.8,0.029050265,0,1,1.244625422,0,0,0,0,0,0,0,2.022516311,4.356188978,0,1.105256061
1,55,65,60,2,2,2,2,2,2,2,4,4,5,5,5,4,4,3,5,5,4,5,8,5,17,32,49,44,66,62,505,510,520,600,700,800,1000,1200,1300,1500,3,4,3,4,5,5,7,7,7,7,6,7,6,5,5,6,6,6,5,5,4,4,3,5,5,2,4.4,5.45,3.666666667,219,0,0.028393604,0,0,1,0.622312711,0.777890889,1.244625422,0.777890889,2.644829022,4.978501689,7.623330711,6.845439822,10.26815973,9.645847022,0.190303498,1.053286567
1,60,40,60,2,2,1,1,1,2,1,7,7,6,7,7,7,7,1,7,4,0,8,10,9,15,28,17,31,38,53,1500,3000,4500,5000,7000,5000,6000,6000,7000,9000,7,7,7,7,7,6,6,6,7,7,7,7,6,6,6,7,7,7,7,7,7,6,6,5,5,2,6,6.7,6.333333333,220,4,0.015810018,0.03884851,0,1,0,1.244625422,1.555781778,1.4002036,2.333672667,4.356188978,2.644829022,4.822923511,5.911970755,8.245643422,0.298832895,0.810359188
2,38,38,35,2,2,1,1,1,1,1,6,5,5,5,5,5,5,7,7,5,65,56,45,37,52,61,49,70,48,64,2000,5000,5000,6800,7800,8000,7000,4000,9980,4040,3,3,5,6,5,4,5,6,6,7,5,6,5,5,5,6,7,7,5,7,4,4,4,5,5,2,5.5,5.4,4,222,5,0.043149658,0.031618594,1,0,10.11258156,8.712377955,7.001018,5.756392578,8.090065244,9.490268844,7.623330711,10.89047244,7.467752533,9.957003378,5,0.168241913
1,65,60,70,2,2,1,1,1,2,2,4,2,2,2,2,2,1,2,1,1,6,4,9,20,23,40,25,39,69,75,800,1100,1000,1700,2000,2600,2900,3500,4000,6500,5,6,6,2,5,2,6,4,6,6,7,7,6,6,6,5,3,3,3,3,1,1,1,3,5,2,1.9,4.85,1,223,3,0.002888692,0.038558799,0,1,0.933469067,0.622312711,1.4002036,3.111563556,3.578298089,6.223127111,3.889454444,6.067548933,10.73489427,11.66836333,0.311972369,0.884782809
1,64,50,30,2,2,1,1,1,2,1,5,4,5,7,7,5,5,5,5,3,14,23,36,32,44,54,69,72,89,93,800,1000,2000,2000,3000,6500,7000,7000,8000,9000,5,5,5,6,6,6,7,7,6,7,7,7,6,6,6,7,6,6,6,6,5,6,6,4,5,2,5.1,6.15,5.666666667,224,4,0.015810018,0.03884851,0,1,2.178094489,3.578298089,5.6008144,4.978501689,6.845439822,8.4012216,10.73489427,11.2016288,13.84645782,14.46877053,1.095995793,0.676478888
1,63,60,50,1,2,1,1,1,1,1,2,3,5,3,1,2,2,3,4,1,18,20,25,45,28,32,26,43,35,43,3500,8000,7500,9000,9000,9000,9000,1500,9000,9000,6,6,4,3,4,5,7,7,7,7,6,7,6,4,7,5,5,5,6,7,2,2,2,3,5,2,2.6,5.7,2,225,6,0.370696374,0.037719145,0,1,2.8004072,3.111563556,3.889454444,7.001018,4.356188978,4.978501689,4.045032622,6.689861644,5.445236222,6.689861644,2.035936609,0.290523648
2,38,30,35,1,2,1,1,1,1,1,5,7,7,7,4,4,5,3,6,2,13,32,42,71,70,35,67,71,76,88,550,550,600,700,700,800,700,1000,1000,1500,3,4,3,5,6,5,6,6,6,6,7,7,4,4,4,5,5,6,5,5,3,3,5,5,5,2,5,5.1,3.666666667,226,6,0.370696374,0.037719145,1,0,2.022516311,4.978501689,6.534283467,11.04605062,10.89047244,5.445236222,10.42373791,11.04605062,11.82394151,13.69087964,2.567602818,0.426067825
2,56,56,50,2,2,1,1,1,1,1,7,4,3,7,5,6,5,7,7,7,46,68,62,81,73,100,100,100,100,100,1800,5000,4500,7000,1000,2000,3500,3000,6000,8000,4,3,5,6,3,7,6,3,7,7,5,7,4,3,4,5,6,6,4,5,4,5,3,5,5,2,5.8,5,4,227,5,0.043149658,0.031618594,0,1,7.156596178,10.57931609,9.645847022,12.6018324,11.35720698,15.55781778,15.55781778,15.55781778,15.55781778,15.55781778,5,0.316825056
1,60,55,50,1,2,1,1,1,1,1,7,6,5,6,6,7,7,7,7,7,13,28,65,53,53,76,71,61,68,61,520,550,550,580,600,680,700,780,720,900,6,6,7,7,6,3,7,7,7,7,6,7,7,7,7,7,7,7,7,7,6,6,7,5,5,2,6.5,6.6,6.333333333,228,6,0.370696374,0.037719145,0,1,2.022516311,4.356188978,10.11258156,8.245643422,8.245643422,11.82394151,11.04605062,9.490268844,10.57931609,9.490268844,4.013843148,0.270394442
1,56,56,56,2,2,1,1,1,1,1,7,5,5,6,7,7,7,7,7,7,74,53,70,38,58,98,100,100,65,100,3000,3000,5000,9300,9999,9999,9000,9888,9000,9800,5,7,7,7,7,6,7,7,4,3,7,4,5,6,7,7,6,7,7,5,5,5,6,5,5,2,6.5,6.05,5.333333333,229,5,0.043149658,0.031618594,0,1,11.51278516,8.245643422,10.89047244,5.911970755,9.023534311,15.24666142,15.55781778,15.55781778,10.11258156,15.55781778,5,0.277252035
2,62,70,30,2,1,1,1,1,2,1,5,4,6,5,6,5,4,1,6,5,16,19,54,30,79,88,43,100,100,100,500,700,900,1500,1800,2300,2600,3500,5000,7000,3,4,5,4,3,3,5,6,5,6,7,7,6,5,4,6,5,6,3,3,4,1,4,4,5,2,4.7,4.8,3,230,5,0.8,4.17E-04,0,1,2.489250844,2.955985378,8.4012216,4.667345333,12.29067604,13.69087964,6.689861644,15.55781778,15.55781778,15.55781778,1.864608598,0.591938976
2,43,30,40,2,2,2,2,2,2,2,3,5,4,4,3,5,2,4,4,4,38,47,30,100,14,55,34,100,19,100,3000,800,1000,8000,5000,2000,8000,9000,4000,9999,6,4,4,4,5,4,5,6,6,4,3,5,6,5,5,7,6,6,7,6,5,5,7,4,5,2,3.8,5.2,5.666666667,231,0,0.028393604,0,1,0,5.911970755,7.312174355,4.667345333,15.55781778,2.178094489,8.556799778,5.289658044,15.55781778,2.955985378,15.55781778,4.553219772,0.207246414
1,40,30,40,2,2,1,1,1,2,2,7,3,3,5,7,4,4,5,4,5,45,74,83,42,57,76,87,88,100,100,5000,5000,7000,9999,9999,9999,9999,9999,9999,9999,4,5,6,6,6,4,5,4,5,1,1,1,4,4,4,5,5,5,3,2,1,1,1,3,5,2,4.7,4,1,232,3,0.002888692,0.038558799,1,0,7.001018,11.51278516,12.91298876,6.534283467,8.867956133,11.82394151,13.53530147,13.69087964,15.55781778,15.55781778,5,0.296036361
1,58,50,35,2,2,1,1,1,2,2,6,4,4,6,5,6,6,1,2,3,1,11,20,29,42,52,71,72,74,83,600,800,700,1000,1100,1200,1300,1400,1500,3000,6,6,6,6,6,6,6,6,6,6,6,6,6,6,6,6,6,6,6,6,4,4,4,5,5,2,4.3,6,4,233,3,0.002888692,0.038558799,0,1,0.155578178,1.711359956,3.111563556,4.511767155,6.534283467,8.090065244,11.04605062,11.2016288,11.51278516,12.91298876,0.240645418,1.079585676
1,60,50,50,1,2,1,2,1,2,2,6,5,5,4,7,5,4,1,3,1,0,26,16,26,21,39,15,10,29,18,2000,2000,3000,6500,7500,8000,7000,6000,8000,9000,6,6,5,7,7,6,7,7,7,7,7,7,7,7,7,7,7,7,7,7,5,5,5,4,5,2,4.1,6.75,5,234,3,0.001598639,5.24E-04,0,1,0,4.045032622,2.489250844,4.045032622,3.267141733,6.067548933,2.333672667,1.555781778,4.511767155,2.8004072,2.938944454,0
2,56,45,30,2,2,1,1,1,1,1,7,7,7,7,7,7,7,1,7,7,4,5,11,8,15,20,9,14,16,44,600,620,1000,510,550,580,520,550,2000,5000,4,4,5,7,4,7,7,7,7,7,7,5,4,3,3,6,6,6,6,4,7,4,4,5,5,2,6.4,5.45,5,235,5,0.043149658,0.031618594,0,1,0.622312711,0.777890889,1.711359956,1.244625422,2.333672667,3.111563556,1.4002036,2.178094489,2.489250844,6.845439822,0.257557507,0.63425423
1,41,36,36,1,1,1,1,1,1,1,4,5,4,3,4,5,4,4,2,2,31,48,76,54,56,60,71,49,77,55,3000,700,3000,800,2500,2500,2500,3000,800,2000,5,5,4,5,5,6,7,6,5,7,7,6,5,4,5,6,7,5,4,5,4,4,3,4,5,2,3.7,5.45,3.666666667,236,7,0.8,0.029050265,1,0,4.822923511,7.467752533,11.82394151,8.4012216,8.712377955,9.334690667,11.04605062,7.623330711,11.97951969,8.556799778,5,0.205157229
1,39,36,25,1,1,1,1,1,1,1,7,5,6,7,7,6,6,3,6,3,12,21,32,44,58,64,70,60,95,97,1500,3000,4500,6000,7500,9998,9998,9999,9998,9998,5,6,6,7,7,5,7,7,7,7,7,1,6,6,6,6,6,6,5,6,5,5,5,5,5,2,5.6,5.95,5,237,7,0.8,0.029050265,1,0,1.866938133,3.267141733,4.978501689,6.845439822,9.023534311,9.957003378,10.89047244,9.334690667,14.77992689,15.09108324,1.568038071,0.593076204
1,58,50,45,1,1,1,1,1,1,1,4,4,4,7,7,4,7,4,4,4,15,19,31,30,37,68,75,54,77,74,520,600,600,1250,800,1200,1000,1450,1500,2500,4,7,7,7,7,7,7,7,7,7,7,7,7,7,7,7,7,7,7,7,4,4,4,4,5,2,4.9,6.85,4,238,7,0.8,0.029050265,0,1,2.333672667,2.955985378,4.822923511,4.667345333,5.756392578,10.57931609,11.66836333,8.4012216,11.97951969,11.51278516,1.298544714,0.549694543
1,58,58,58,2,2,1,1,1,2,2,3,7,5,7,5,5,6,6,6,6,42,49,54,55,56,67,74,65,70,91,600,600,900,1000,1200,1800,2000,2000,2500,3000,5,7,5,7,5,6,7,7,7,7,7,7,4,2,2,7,5,7,7,7,2,1,2,4,5,2,5.6,5.9,1.666666667,239,3,0.002888692,0.038558799,0,1,6.534283467,7.623330711,8.4012216,8.556799778,8.712377955,10.42373791,11.51278516,10.11258156,10.89047244,14.15761418,4.897458827,0.245663106
1,54,59,50,1,1,1,1,1,1,1,6,4,2,4,5,3,3,4,3,3,68,65,65,71,66,69,48,49,74,49,7000,6700,800,700,700,788,600,6000,780,660,5,2,2,4,4,5,5,5,4,4,4,5,6,5,5,5,3,6,6,7,6,7,7,5,5,2,3.7,4.6,6.666666667,240,7,0.8,0.029050265,0,1,10.57931609,10.11258156,10.11258156,11.04605062,10.26815973,10.73489427,7.467752533,7.623330711,11.51278516,7.623330711,5,0.232730988
2,62,58,70,2,2,1,1,1,2,1,3,4,6,7,4,7,7,3,6,6,44,74,63,100,100,87,100,100,100,99,800,1000,1200,2000,2000,2000,3000,3000,4000,9000,4,7,4,4,5,6,6,6,6,6,7,4,6,6,6,6,6,6,5,6,4,5,6,5,5,2,5.3,5.6,5,241,4,0.015810018,0.03884851,0,1,6.845439822,11.51278516,9.8014252,15.55781778,15.55781778,13.53530147,15.55781778,15.55781778,15.55781778,15.4022396,5,0.327145005
