Item1,Item2,Item3,Item4,Item5,Item6,Item7,Item8,Item9,Item10,Item11,Item12,Item13,Item14,Item15,Item16,Item17,Item18,Item19,Item20,Item21,Item22,Item23,Item24,Item25,Item26,Item27,Item28,Item29,Item30,Item31,Item32,Item33,Item34,Item35,Item36,Item37,Item38,Item39,Item40,Item41,Item42,Item43,Item44,Item45,Item46,Item47,Item48,Item49,Item50,Item51,Item52,Item53,Item54,Item55,Item56,Item57,Item58,Item59,Item60,Item61,Item62,Item63,Item64,Item65,Item66,platform
1,66,60,55,1,1,1,1,1,1,1,4,5,5,4,4,5,5,4,3,5,47058,50975,55384,60935,62569,65181,65997,67630,68120,82979,520,540,560,580,620,640,660,700,740,900,4,5,5,4,4,5,7,6,7,6,7,6,5,6,6,5,6,6,5,4,5,5,5,4,4,1
1,58,45,36,2,2,1,1,1,2,1,4,5,5,6,3,4,3,5,5,6,53396,57874,59606,64383,62174,74653,67667,77161,83431,87551,550,700,780,900,800,1600,1800,2000,2600,3500,5,6,7,6,5,5,7,7,6,6,7,6,6,6,7,6,5,5,4,5,3,4,5,4,5,1
2,56,50,50,2,2,1,1,1,2,1,4,5,7,7,3,5,7,3,2,4,52343,60223,67197,71109,71223,77402,74454,80407,83242,87551,550,600,700,800,900,1000,1200,1300,1500,2000,6,5,6,4,7,6,3,2,5,4,4,7,4,3,4,6,5,5,7,4,2,1,4,4,5,1
1,46,40,56,2,2,1,1,1,2,2,6,7,7,7,7,3,4,7,5,7,50806,53097,58080,66843,67587,75148,67129,77553,79615,53212,700,900,1000,1100,1200,1900,2600,3600,3500,4500,7,7,1,7,7,6,7,7,7,7,4,3,7,6,5,6,5,6,7,7,1,1,1,4,5,1
2,59,45,38,2,2,2,2,1,2,2,5,4,5,7,4,4,4,3,4,4,50686,47795,57150,53068,59871,61232,52898,62252,60211,69226,1800,4000,6000,6000,1000,1500,2000,2500,6000,10000,2,7,2,2,1,4,6,3,7,7,4,3,2,1,3,4,1,3,4,3,1,1,1,5,5,1
1,60,55,60,2,2,1,1,1,2,1,4,3,4,5,6,5,4,7,3,5,46220,43442,45086,47807,51719,53250,54951,50075,55915,64022,3000,6000,9000,12000,15000,21000,24000,30000,36000,100000,4,5,4,3,4,5,6,3,5,6,2,3,4,5,5,5,6,5,6,5,2,3,3,3,3,1
2,56,50,50,2,2,1,2,1,2,2,6,5,6,7,3,5,6,6,3,5,44108,45504,48927,48934,48686,50748,47446,54086,53314,64703,750,1000,1500,1000,1500,3000,2000,4000,3800,5000,5,6,5,5,5,4,6,6,6,6,7,7,4,3,4,5,5,5,4,5,3,3,3,4,4,1
1,25,30,35,2,2,1,1,1,2,1,5,6,5,6,4,5,4,6,4,5,54795,56773,58129,78186,74796,74909,78469,84232,82424,86435,1000,1250,1500,2000,2500,5500,4500,5000,6000,10000,3,5,5,5,6,5,6,6,5,6,2,3,4,4,5,5,5,5,4,5,2,3,3,3,4,1
1,59,69,53,2,2,1,1,1,2,2,3,5,3,5,6,3,4,7,6,7,45114,45880,45625,46815,47410,49026,51748,49791,50047,54724,600,700,800,1000,1100,1200,1500,1600,2000,3000,2,3,3,6,3,5,5,7,6,4,6,7,5,3,3,4,4,4,3,3,5,5,4,4,3,1
1,56,50,40,2,2,1,1,1,2,2,6,6,7,7,7,6,6,6,2,4,52613,44131,55113,64598,74747,57458,73716,84938,87064,87551,1000,1200,1800,1500,2000,3000,2600,3500,4000,5000,5,5,6,7,3,6,7,7,7,7,7,7,5,2,5,7,4,6,7,5,5,4,4,4,5,1
1,68,68,40,2,2,2,2,2,2,2,5,6,6,7,7,7,7,7,2,6,47062,48734,52436,59422,62527,68319,64259,75067,70708,81695,800,1000,1200,1500,1800,1500,3000,3600,4800,6000,6,6,6,6,6,3,6,7,6,5,6,7,7,7,7,7,6,6,6,6,6,6,6,5,5,1
1,57,50,40,2,2,1,1,1,2,2,5,5,6,5,5,6,5,3,2,3,46603,50784,53156,56659,59711,67508,69655,69768,71802,79146,700,800,1000,1400,1800,2500,2800,3400,4100,6800,5,5,6,6,6,6,6,6,6,6,6,6,5,5,4,6,6,6,5,5,6,6,6,4,4,1
1,57,55,55,2,2,2,2,2,2,2,7,7,6,7,6,6,6,1,1,1,49792,49565,49622,49451,48771,54044,54214,50585,49735,49338,600,600,650,1500,700,1300,1500,1800,1900,2000,6,6,6,6,6,2,6,7,6,6,6,6,6,6,7,6,7,6,7,7,6,7,6,4,4,1
1,58,55,50,2,2,1,2,1,2,2,4,3,3,4,2,2,3,5,6,5,52025,71690,59956,64618,68904,77692,80746,55562,83532,86319,750,1000,1200,1500,1700,2200,2500,3000,3500,5500,4,5,6,4,2,5,6,7,7,5,5,6,5,5,6,5,6,6,3,4,2,1,2,3,4,1
2,60,50,40,2,2,1,1,1,1,1,5,5,4,5,5,5,5,3,4,4,45583,49251,56588,52186,58936,62752,52920,64366,69062,75518,550,700,700,600,650,700,2000,1000,3000,3000,5,4,6,4,7,7,5,7,7,5,7,7,4,2,4,6,4,7,7,6,5,5,4,4,4,1
2,58,55,50,2,2,1,1,1,1,1,4,3,5,4,5,6,4,7,6,6,47241,48515,49112,49792,47836,55830,58211,61188,62718,68841,800,600,900,700,1100,1000,1000,1200,1500,2500,5,6,4,4,5,5,7,6,6,5,7,1,7,6,6,4,5,5,4,3,6,4,4,4,4,1
1,62,62,50,2,2,1,1,1,2,2,6,6,6,4,6,5,4,7,3,6,46220,49622,50075,51493,56765,56709,57729,60450,61414,76949,1500,3888,5000,7000,8000,12000,15000,17000,20000,50000,5,6,6,7,5,6,7,7,7,7,7,7,7,7,6,7,7,7,6,6,3,3,3,4,5,1
1,56,45,30,2,2,1,1,1,2,2,6,7,4,4,3,5,5,4,5,5,45823,47184,51889,55348,57843,59997,61811,62095,64419,72470,1500,2000,3000,5000,6500,7500,8500,9000,10000,20000,5,5,6,7,7,5,7,7,7,7,6,7,7,7,7,7,7,7,5,5,5,5,5,5,5,1
1,52,40,35,2,2,1,1,1,2,2,6,6,4,5,5,6,6,4,3,4,48261,49111,52626,54611,54328,58296,58806,59883,60507,64022,1500,2000,2500,3000,2000,5000,6000,7000,8500,10000,6,6,5,7,7,5,7,7,7,7,6,6,7,7,7,6,6,7,5,5,4,4,4,5,5,1
2,23,26,25,2,2,1,2,1,2,1,5,6,6,5,2,3,3,5,3,5,69081,65184,68856,69025,74165,76650,78006,78683,77332,81682,600,600,650,800,850,1000,1050,1200,2000,3000,3,5,5,4,5,6,6,6,6,6,7,7,7,7,6,6,6,6,3,3,3,3,5,4,4,1
1,58,50,60,2,2,1,1,1,2,1,5,5,6,7,6,4,5,5,4,6,52727,54428,78921,66164,83343,75519,85554,83343,86065,84704,3000,5000,8000,9000,12000,10000,13000,20000,20000,100000,5,6,4,4,6,5,7,3,3,6,2,2,5,5,6,5,6,7,7,5,3,2,3,4,3,1
1,56,45,50,2,2,1,1,1,1,2,3,3,3,4,2,4,5,5,6,5,42648,47968,54382,55008,56573,70184,71906,73000,76599,87551,520,800,1000,1250,1500,3000,3500,4500,5000,10000,4,4,4,5,6,7,7,7,7,7,4,4,4,5,5,6,4,5,4,6,3,3,5,4,5,1
1,57,57,40,2,2,1,1,1,2,1,3,3,3,2,2,3,2,5,4,5,50649,46567,56364,49996,62406,61426,53261,44607,70080,69263,1000,2000,2500,2600,2800,3000,4000,4600,4500,5000,4,5,5,5,4,4,5,5,5,5,4,5,5,5,5,5,5,5,4,6,2,2,2,3,4,1
1,39,35,45,2,2,1,1,1,2,2,6,7,5,6,6,5,6,2,3,3,47799,49498,50404,51197,56819,58840,61218,67729,66200,80580,800,900,1200,1000,1600,1800,2100,2500,2500,3500,5,6,5,6,5,5,7,6,7,7,7,5,6,5,6,5,5,6,5,6,3,2,3,4,5,1
1,31,25,35,2,2,1,1,1,2,2,5,6,5,7,6,6,7,2,3,2,48375,52342,54769,58352,66290,70883,73874,68671,76042,85113,650,800,950,1100,1250,1550,1700,2000,2300,3500,6,7,5,6,7,5,5,5,6,7,1,5,5,5,6,6,7,6,5,5,5,6,7,5,4,1
2,60,65,60,2,2,1,1,1,1,1,5,4,5,5,5,5,5,3,4,6,51857,54174,55304,52083,54795,51744,62197,56603,54513,58750,600,1000,800,900,800,1200,1000,900,1000,1300,5,4,5,6,5,6,7,7,7,7,7,7,7,7,7,7,7,7,6,6,2,1,1,5,5,1
2,56,46,40,2,2,1,1,1,2,2,6,4,7,7,4,7,7,1,1,5,46390,47496,49877,49961,52938,54214,59657,53958,72798,63823,600,540,740,540,560,760,680,800,600,860,4,4,6,7,7,6,7,7,7,7,7,7,7,7,5,7,4,4,7,7,5,5,5,5,5,1
2,65,30,20,2,2,1,1,1,1,1,4,3,6,2,5,2,2,6,6,7,47220,48364,49180,48363,53588,50975,48200,48036,60283,61426,600,1000,1200,1000,1500,2000,2200,3000,3000,5000,3,2,3,3,3,5,6,6,7,4,7,7,7,3,4,5,4,4,3,2,2,2,1,4,4,1
1,57,60,35,2,2,1,2,1,2,2,5,4,5,6,5,4,5,3,2,3,49496,52727,63103,52727,76710,68886,74158,72628,70587,77220,1500,2500,2500,3600,2560,5000,10000,15000,17000,50000,5,7,6,6,5,5,7,7,7,4,4,6,7,5,6,5,4,5,6,5,4,4,4,3,4,1
1,56,50,45,2,2,1,1,1,2,1,5,4,5,5,3,2,3,5,3,5,47273,50648,59599,66202,67376,77061,73246,81023,78382,87551,1000,1500,2000,2000,2000,4500,5000,6000,10000,50000,5,6,4,5,6,5,5,5,6,6,5,6,5,6,6,5,5,5,3,3,2,1,1,3,4,1
2,27,27,30,2,2,1,1,1,2,1,7,6,6,7,6,7,6,2,1,2,46376,50527,52646,55441,58999,61795,66370,70437,75521,83400,550,600,650,750,800,900,950,1100,1300,2600,6,7,6,7,6,7,6,7,6,7,6,7,6,7,6,6,7,6,6,7,6,7,6,5,4,1
2,26,20,30,2,2,1,1,1,2,2,7,6,7,7,5,7,7,2,1,1,47197,50425,53654,52480,59670,62752,64072,70529,75371,87551,1500,4000,5000,6000,7000,10000,20000,25000,20000,50000,7,6,7,7,7,5,7,7,6,6,7,7,6,7,7,7,6,7,6,7,6,7,7,5,4,1
1,23,25,28,2,2,1,1,1,2,1,7,4,5,6,2,5,7,1,2,4,46832,49991,55921,60553,70437,72922,73289,76689,79700,84670,2000,3000,3500,5000,4000,8000,9500,10000,15000,30000,2,7,4,6,3,1,7,6,5,7,7,5,3,2,2,5,5,6,4,2,4,3,5,4,5,1
2,30,25,25,2,2,1,1,1,1,2,5,5,6,6,3,5,3,5,3,5,49369,47822,51399,54912,57594,56253,59574,64109,66473,70944,1000,1000,1250,1500,1500,3000,4000,2000,5000,6000,4,5,5,5,4,4,5,7,5,5,7,7,6,5,5,6,5,6,5,4,4,4,3,4,4,1
2,29,29,32,2,2,1,1,1,2,1,7,6,7,6,7,6,7,2,1,2,42648,46122,48663,50188,55950,60525,67218,70522,74334,83273,550,600,650,700,750,850,900,1000,1200,2400,6,7,6,7,6,7,6,7,6,7,6,7,6,7,6,7,6,7,6,7,6,7,6,4,5,1
2,29,31,29,2,2,1,1,1,2,1,6,6,5,6,5,5,6,4,2,5,47549,54753,53523,55848,56222,60502,62705,63093,63595,72960,530,560,580,600,650,700,720,760,820,1000,5,5,5,6,6,5,7,7,7,6,6,6,5,5,6,5,5,6,6,5,5,5,6,5,5,1
1,29,32,29,2,2,1,1,1,2,1,6,6,5,5,5,5,6,3,2,5,44194,47387,52302,51744,56286,53566,56342,64761,65657,73080,530,560,580,600,650,710,730,770,830,1080,5,6,5,5,6,5,6,6,7,6,6,5,6,6,5,5,5,6,6,6,5,5,6,5,5,1
2,32,29,30,2,2,1,1,1,2,2,6,5,5,6,5,6,6,3,2,4,46221,49112,50046,53533,51068,55830,60167,63059,67907,78453,550,600,800,900,950,1000,1100,1200,1300,1500,5,6,5,5,5,4,7,7,7,6,5,6,6,5,6,6,5,6,5,5,4,5,4,4,4,1
2,33,30,27,2,2,1,1,1,2,2,6,5,5,6,5,6,6,3,2,4,45424,46783,48029,50522,52617,58170,58848,64569,69214,77937,600,650,700,800,900,1000,1100,1300,1400,1800,5,6,5,5,5,4,7,7,7,6,5,6,6,5,6,6,5,6,5,5,4,5,4,4,4,1
2,27,27,30,2,2,1,1,1,2,1,5,7,7,5,4,6,6,2,1,3,57310,68307,74569,73348,80984,79151,79151,84955,85413,87551,1500,3000,4500,10000,11500,18000,20000,23000,30000,50000,5,5,6,7,6,4,6,6,7,6,7,7,5,6,6,5,6,5,5,6,4,5,5,5,5,1
2,30,29,31,1,2,1,1,1,1,1,6,5,5,6,5,6,5,3,3,4,47064,49747,52855,53843,66522,67676,74430,71708,77977,81959,300,600,800,1000,900,900,1200,1300,1400,1500,6,5,6,6,5,4,6,5,6,6,7,5,5,6,5,5,4,4,6,4,4,5,3,5,5,1
2,27,27,29,2,2,1,1,1,1,1,6,6,5,7,4,5,6,2,2,3,57768,67390,67696,73347,81595,75333,79915,81136,82358,87551,1500,3000,4500,10000,13000,18000,20000,24000,30000,50000,5,7,7,6,5,4,6,6,7,7,6,5,5,6,5,6,6,7,6,5,5,4,5,5,5,1
1,29,29,29,2,2,1,1,1,2,2,5,6,5,5,6,6,5,3,2,3,45005,49189,52879,53314,56614,58407,64427,70874,73467,81717,600,700,800,850,900,1000,1200,1300,1400,1500,5,5,5,7,5,4,5,6,5,6,5,6,5,5,6,5,6,6,5,5,5,6,6,4,4,1
2,28,28,30,2,2,1,1,1,2,1,7,6,7,6,7,6,7,2,1,2,45811,52139,56603,61857,64457,70333,72028,75700,82197,87551,600,650,700,1200,1400,1800,2000,2200,2600,4500,6,7,6,7,6,7,6,7,6,7,6,7,6,7,6,6,7,6,7,6,7,6,7,5,4,1
1,26,20,30,2,2,1,1,1,1,1,7,5,7,7,6,5,6,5,2,5,45088,48828,48884,54158,59996,62094,64363,75191,77969,86984,520,600,650,700,650,800,750,950,900,1200,5,7,6,6,5,2,7,6,7,7,5,7,6,7,7,7,6,7,7,5,5,6,7,5,5,1
2,27,27,30,2,2,1,1,1,2,1,5,5,6,6,4,5,6,1,1,3,58532,75180,73805,78082,76707,80220,83427,80831,82816,87551,1500,3500,5000,10000,10000,8000,20000,25000,30000,50000,5,6,7,5,4,3,5,5,7,7,6,5,6,6,5,6,7,7,6,6,4,5,5,5,4,1
1,24,24,27,2,2,1,1,1,2,1,6,3,5,7,2,4,6,3,2,4,45596,47921,52569,50869,54554,66630,68955,60054,81088,83809,700,1500,2500,4000,3500,5000,8000,7000,7000,10000,3,6,7,4,5,2,7,4,5,7,7,5,3,3,3,6,4,5,4,2,6,4,7,4,5,1
2,26,28,22,2,2,1,2,1,2,1,7,5,5,7,6,7,7,2,1,3,47647,49397,48386,51233,51911,54255,53436,57697,56768,64902,550,650,680,700,780,900,880,950,1000,2000,3,5,5,6,7,3,5,5,7,6,7,7,5,5,5,6,5,5,5,5,1,1,1,4,4,1
1,27,30,30,2,2,2,2,1,2,2,5,5,6,7,5,5,4,3,1,5,49097,48592,55490,46910,48032,58631,53752,61266,51621,73492,600,1200,800,1000,1000,2000,2500,3200,3000,6000,6,5,5,5,6,2,5,3,5,6,6,7,4,5,4,5,5,4,3,5,4,3,3,3,3,1
2,26,26,20,2,2,1,2,1,2,2,5,6,7,5,5,5,7,1,3,3,76802,72633,71016,73953,71936,73212,71143,82158,75674,56817,1000,2000,2000,2500,3000,3500,4000,5000,6000,10000,6,6,7,5,5,6,5,6,5,7,5,5,5,5,6,6,5,7,6,6,6,5,7,4,5,1
1,29,25,35,2,2,1,2,1,2,2,6,5,4,6,2,4,5,4,3,4,48354,45077,50897,45868,47168,51631,52253,55530,61632,62875,700,800,1000,1000,1500,2000,2000,2000,2000,3000,3,5,5,5,5,5,7,7,7,7,7,6,5,4,5,6,5,5,5,5,4,4,4,5,5,1
2,30,29,29,2,2,1,1,1,2,1,6,5,5,7,3,6,6,5,2,5,51302,52282,52772,54895,55711,58160,58976,60446,59629,64038,700,1000,900,1000,1100,1400,1500,1500,2000,3000,5,6,5,7,6,3,7,6,7,6,7,6,6,5,6,5,5,6,5,5,5,5,6,5,5,1
2,29,25,35,2,2,1,2,1,2,2,5,6,5,7,2,5,5,4,2,5,51975,57220,64959,66314,68856,70381,73149,73317,76085,84274,600,800,1000,1200,1600,1700,1800,2000,3000,5000,5,6,5,6,5,4,7,6,5,6,5,6,6,7,6,7,5,6,5,4,4,3,4,4,5,1
1,27,27,27,2,2,1,1,1,2,1,3,3,5,3,3,2,2,4,5,6,46240,48036,47429,54404,55711,54078,61426,64364,64039,66487,4000,5000,6000,9000,10000,10000,15000,11000,30000,50000,3,2,3,6,6,6,5,4,5,3,6,6,5,5,4,5,4,4,5,3,3,3,5,2,2,1
2,28,35,40,2,2,1,2,1,2,2,5,6,6,7,3,5,5,5,4,5,52017,55224,60753,55773,53199,64509,58010,68349,76199,71303,600,650,800,700,1200,1200,1200,1500,3000,3000,5,6,3,3,5,5,6,5,5,6,5,6,4,3,4,6,6,6,5,6,3,3,5,5,4,1
2,28,30,32,2,2,1,1,1,2,2,6,5,5,6,4,5,6,2,3,5,60054,59713,60280,82335,78877,45483,74284,83526,76779,87041,1000,800,1100,900,1250,1550,1500,1000,2000,3000,5,4,4,5,5,5,6,6,5,6,4,5,6,7,5,6,5,6,5,6,4,4,5,5,5,1
2,28,30,25,2,2,1,1,1,2,2,6,6,5,6,6,5,6,6,4,4,46844,52343,54101,53307,61754,66233,65270,79727,74341,79387,800,1000,2500,2800,1000,3500,2000,4000,3000,6000,5,6,6,6,6,5,7,7,7,7,7,7,6,6,7,6,6,6,4,4,6,5,5,4,5,1
1,29,26,30,2,2,1,1,1,1,1,6,5,5,6,3,5,4,4,2,5,42648,43839,44576,45029,45539,47070,47807,48075,48078,55405,700,800,850,1000,1200,1800,2000,250,3000,5000,5,6,5,5,5,4,7,7,7,6,6,6,6,5,6,6,6,6,6,5,5,5,5,5,5,1
2,26,30,30,2,2,1,2,1,2,2,2,3,4,3,4,1,1,2,5,5,45964,48091,55064,52427,52173,59486,55660,62463,55575,74454,2000,2000,2000,3000,4000,5000,5000,5000,6000,10000,3,1,6,1,5,7,5,5,4,6,7,7,2,2,2,3,3,3,2,1,1,1,1,3,2,1
2,25,27,30,2,2,1,2,1,2,2,6,6,5,6,4,5,5,3,2,4,69436,75795,75603,70785,79970,79072,71941,82926,79842,85624,800,1000,1200,1600,2000,2500,2800,3000,4000,6000,4,5,5,6,4,3,7,7,6,6,6,7,6,5,5,6,6,6,5,4,5,4,5,4,3,1
2,57,45,30,1,1,1,1,1,1,1,5,6,6,7,6,6,6,2,4,4,50516,53918,57490,62082,64634,59814,62082,74398,79148,86575,600,650,680,700,750,780,800,880,900,1000,5,7,5,7,7,4,7,7,7,7,7,7,7,6,5,6,6,6,6,5,1,1,2,4,5,1
2,57,45,30,2,2,1,2,1,2,2,7,6,6,6,1,5,6,6,3,6,47965,59701,55109,62933,71607,70927,77730,72968,81472,83853,550,700,750,800,850,900,1200,1500,1000,2000,6,6,6,6,7,7,7,7,7,7,7,7,6,6,6,6,7,7,6,6,2,2,3,5,5,1
2,56,45,45,2,2,2,2,2,2,2,5,6,5,5,4,6,6,3,2,3,51671,56754,61160,66413,70649,76580,78104,71666,81154,85390,550,580,600,600,600,610,650,700,750,800,5,6,7,6,5,4,5,5,7,7,5,6,5,7,5,5,7,6,7,7,5,6,7,4,5,1
2,57,57,30,2,2,1,1,1,2,1,5,6,6,5,4,5,5,7,3,5,50901,55163,64129,59940,64938,67583,69568,74638,77064,77725,800,1000,1000,1200,1300,1500,1800,2000,2000,3000,4,6,6,5,6,5,7,7,6,6,5,6,6,7,5,5,5,6,4,4,5,5,5,4,4,1
1,56,50,45,2,2,1,1,1,2,2,5,6,5,5,6,5,5,6,6,6,47226,48736,49953,51901,51853,53362,54677,56479,57989,64905,800,1000,1200,1500,1500,2000,2500,3000,4000,10000,5,6,6,6,6,6,7,7,7,7,7,6,6,6,6,6,6,5,5,4,5,4,4,5,5,1
2,58,50,40,2,2,1,2,1,2,2,3,5,6,6,2,6,5,1,4,5,45573,45427,46597,49376,54642,56251,62247,63564,66196,84333,550,560,590,600,650,680,700,750,800,1000,5,7,7,6,7,6,7,7,7,7,7,7,5,6,7,4,2,2,2,1,2,5,5,5,5,1
2,56,40,30,2,2,1,2,1,2,2,6,5,6,6,5,7,6,2,1,2,68687,70268,71549,73554,75672,77564,78403,79654,82647,86252,800,1000,1500,2000,2500,3500,4000,5000,6000,10000,5,6,7,6,6,2,6,6,7,6,6,7,6,7,6,7,6,7,6,6,5,6,6,4,5,1
1,56,50,53,2,1,1,1,1,1,1,5,7,5,6,5,5,6,6,5,6,46050,51776,53193,58523,70316,67084,75248,62095,71053,77787,1000,3400,900,1300,1000,1500,1500,3000,3200,2500,5,5,6,6,5,6,6,7,5,5,2,5,5,5,6,4,5,6,6,7,3,4,5,4,5,1
1,58,55,55,2,2,1,2,1,2,2,3,4,4,3,2,3,4,6,4,6,47130,50829,60877,57158,65282,63737,72174,70541,77608,80468,640,600,720,800,800,900,1000,1200,1500,1800,6,5,6,6,5,5,7,6,6,6,7,6,6,7,5,5,6,6,6,5,2,1,2,4,4,1
1,58,50,50,2,2,1,2,1,2,2,5,6,5,7,6,5,6,4,6,5,45830,50603,46773,52017,48953,65512,66446,66455,68635,75294,550,580,700,700,750,800,800,1000,1200,2000,5,5,6,6,5,6,6,6,7,7,5,6,7,7,6,5,6,7,6,7,6,6,6,4,5,1
1,57,55,45,2,2,1,2,1,2,2,4,5,5,4,3,4,5,5,4,5,48251,46862,54302,49483,60232,67188,64881,75704,71888,82036,550,600,700,700,800,1200,1300,1350,1500,2000,5,5,6,5,5,4,6,6,7,5,5,6,5,5,6,6,6,7,6,5,2,2,3,3,4,1
2,60,60,60,2,2,2,2,2,2,2,4,4,3,5,4,4,5,5,4,5,44738,46236,49893,51271,56320,60431,62621,66145,70122,81548,700,800,1000,2000,2200,2800,3000,3500,3600,6000,5,4,4,4,5,5,7,7,7,7,7,7,7,7,7,7,7,7,5,4,5,4,5,4,5,1
1,57,50,45,2,2,1,2,1,2,2,2,5,5,6,2,6,5,1,1,5,50642,59883,65213,81711,76155,74794,83412,81655,82278,83752,580,550,600,650,700,750,800,900,850,1200,5,6,6,7,7,7,7,7,7,7,7,6,5,4,4,5,5,5,4,2,2,1,2,5,5,1
1,56,48,50,2,2,1,2,1,2,2,6,7,6,7,5,7,4,4,2,5,43235,43235,49692,48371,49838,47343,52479,54535,51599,66420,530,550,580,600,650,680,700,750,800,1000,6,6,6,7,6,4,7,6,6,7,6,6,6,6,6,7,5,5,6,6,3,2,2,4,4,1
1,56,60,56,2,2,1,1,1,2,2,5,5,4,3,2,4,4,6,4,7,47746,53127,49105,53918,54373,69610,56469,80089,59018,86603,520,558,550,580,628,680,580,600,600,750,5,6,5,5,5,7,7,4,5,5,6,7,5,6,5,6,5,6,5,6,4,3,4,3,4,1
2,56,50,40,2,2,1,1,1,2,1,5,5,6,4,4,5,5,3,4,4,63045,66567,67447,80948,76399,78160,71410,75812,77279,82562,550,600,750,900,850,1200,1500,2000,2500,3000,4,5,6,6,7,4,6,4,5,5,6,6,7,6,6,7,6,5,3,3,3,2,2,4,5,1
2,58,58,40,2,2,1,1,1,2,2,6,7,6,7,6,7,6,2,1,2,45483,47978,51379,55178,61187,63002,64928,70542,76609,82392,550,600,700,650,750,850,1000,1200,1400,2000,6,7,6,7,6,7,6,7,5,7,6,7,6,7,6,7,6,7,6,7,6,7,6,4,5,1
1,65,55,45,2,2,1,1,1,2,1,5,6,5,6,5,6,5,2,3,2,48986,52898,56810,55959,58170,64123,61402,66504,70587,85554,800,1000,1500,2500,2300,4000,2000,3500,5000,10000,5,6,5,6,5,6,5,6,5,6,5,6,5,6,5,6,5,6,5,6,2,3,4,4,5,1
1,57,50,45,2,2,1,1,1,2,1,6,5,5,6,7,6,7,4,2,5,44405,45369,49509,51719,52910,59600,67821,54441,68615,74454,600,800,1000,1300,1700,2400,2800,3500,4500,7500,6,7,6,7,6,5,7,6,6,7,7,6,6,7,6,5,6,7,6,7,6,7,6,4,5,1
2,58,50,40,2,2,1,1,1,2,1,5,6,5,6,5,6,5,2,3,2,48475,49496,58284,67185,73648,79091,67185,53408,77900,84194,600,800,1000,1500,1800,2000,4000,2500,5000,10000,5,6,5,6,5,6,5,6,5,6,5,6,5,6,5,6,5,6,5,6,2,3,4,4,5,1
1,58,60,50,2,2,1,1,1,2,1,3,3,3,5,5,3,5,6,5,5,48544,52456,52797,60394,57049,61357,68218,87041,74058,79160,650,700,800,1000,1200,1500,1600,2000,3000,4000,5,6,7,6,5,5,7,6,7,7,6,7,7,5,6,7,5,5,5,5,3,3,3,3,3,1
2,57,50,30,2,2,1,1,1,2,1,5,5,5,6,6,5,4,4,2,4,67300,74491,71850,61871,79040,72730,76545,71409,75371,78160,5000,10000,5000,50000,60000,70000,10000,20000,50000,10000,5,4,6,5,6,4,2,3,5,5,6,5,5,5,4,5,5,5,6,5,5,6,5,3,3,1
1,57,45,55,2,2,1,1,1,1,2,5,6,5,6,5,5,6,3,2,3,45965,49452,52599,52428,54299,60762,63228,67992,82789,87551,600,700,900,1000,1500,2000,2500,3500,4000,5000,5,6,6,7,6,5,7,7,6,7,5,3,6,7,6,6,7,5,6,7,5,6,5,5,4,1
1,56,50,50,2,2,1,2,1,2,2,5,5,5,6,5,6,5,3,2,3,52513,68728,70486,77233,74454,75021,77289,77573,81088,85283,550,600,800,700,700,850,800,1000,1500,3000,5,4,5,6,5,6,7,7,7,7,6,7,6,7,6,6,6,6,4,4,5,5,5,4,5,1
1,57,50,60,2,2,1,1,1,2,1,3,2,3,2,2,2,2,6,5,6,47259,57883,60890,61090,67104,70913,72517,71113,70763,73719,700,850,800,1500,900,1000,1200,1800,2000,3000,3,5,6,6,6,6,5,5,7,6,5,7,6,5,5,6,6,6,7,5,2,3,3,4,4,1
2,56,56,46,2,2,1,2,1,2,2,5,5,6,4,1,3,3,7,4,6,47184,49622,55461,55461,51436,59940,55122,61074,64362,75815,600,700,800,1200,1500,1800,2000,2500,3000,3500,3,5,3,4,3,6,5,5,6,7,4,3,5,5,5,4,4,5,5,5,5,4,5,3,4,1
1,56,50,40,2,2,1,1,1,2,1,5,5,6,6,5,6,5,4,4,5,44663,46243,50898,50368,52194,58768,59869,62330,66160,71935,560,700,600,800,800,900,1000,1800,2000,3000,5,5,5,6,6,4,6,6,6,7,5,6,5,6,6,5,5,5,5,6,4,3,3,4,5,1
2,56,60,45,2,2,1,1,1,1,1,5,5,5,6,5,6,5,5,3,6,45596,44916,46559,47013,48998,47581,48205,48374,51493,53873,800,1000,1200,2000,1500,1500,2500,1800,2000,10000,3,5,5,5,5,5,5,5,6,5,5,6,5,3,5,5,3,5,5,3,5,2,5,4,4,1
2,57,57,57,2,2,1,1,1,2,1,3,3,5,5,3,3,3,6,3,5,42648,44179,45313,46277,44179,45199,49962,43895,47070,47070,550,580,600,650,580,600,700,800,850,1000,3,5,3,4,5,6,7,5,5,1,7,7,5,4,6,5,4,6,5,4,6,4,3,2,4,1
1,60,55,40,2,2,1,1,1,2,1,6,7,6,5,4,6,6,6,4,6,54214,57333,63455,70542,65043,71676,72924,73661,75759,82675,800,1000,1200,1500,1700,1800,2000,2500,2200,5000,6,7,5,6,6,4,6,6,6,6,4,6,6,7,6,6,6,6,7,6,2,2,3,4,4,1
2,20,25,18,1,2,1,1,1,1,1,3,3,7,7,5,5,7,6,1,4,7,36,60,81,38,77,86,63,83,100,1500,2000,2500,2000,2500,2500,2500,5000,3000,5000,5,3,7,5,4,7,5,1,7,7,7,7,4,3,3,5,2,7,5,7,1,1,4,3,1,2
1,36,40,65,2,2,1,1,1,2,1,2,3,3,4,7,2,2,3,6,4,59,44,54,86,70,64,72,68,61,100,1500,1000,1000,1050,1450,1500,2000,2500,2800,5000,6,3,3,2,3,2,7,4,7,4,1,4,2,3,3,5,3,4,1,3,7,4,7,3,1,2
2,18,18,21,2,2,1,1,1,2,1,7,6,7,7,2,6,5,7,1,1,9,22,32,33,41,21,26,30,36,47,2000,700,4000,1000,2500,3000,4000,3000,7000,6000,5,5,7,7,7,7,7,7,7,7,7,4,6,2,2,4,1,7,2,2,1,5,7,3,2,2
2,24,30,30,2,2,1,1,1,1,1,3,4,3,5,1,3,4,7,7,4,13,45,49,55,68,71,79,77,100,100,800,800,1000,1000,1000,600,2000,3000,1500,2000,3,4,4,7,7,7,7,7,7,7,6,7,4,6,5,5,4,6,2,3,1,2,3,2,2,2
1,19,22,17,1,2,1,1,1,1,1,4,6,7,7,1,5,7,4,1,7,18,53,40,41,46,50,39,48,66,37,2500,6899,9999,8800,7500,9999,8700,9800,7899,9999,6,4,5,6,7,2,4,5,7,7,7,6,3,4,4,7,6,5,1,3,3,2,2,4,2,2
2,36,35,29,2,2,1,1,1,2,2,2,5,6,5,4,5,5,3,4,5,14,19,23,34,46,63,31,37,49,84,2000,3000,2000,2500,2600,5000,8000,8500,9000,9000,4,5,4,3,4,4,2,2,7,4,7,7,2,2,2,3,3,3,3,3,5,2,3,2,2,2
1,58,65,40,2,2,1,1,1,1,1,1,2,7,7,1,7,7,7,1,7,100,100,100,100,100,100,100,100,100,100,2000,2000,4000,5000,9999,9999,9999,9999,9999,9999,3,2,7,3,7,3,1,1,7,7,7,7,1,1,1,7,7,7,4,4,1,1,1,2,2,2
2,44,44,50,2,2,2,2,2,2,2,2,2,1,2,6,2,2,4,6,7,11,21,36,36,24,54,26,77,19,67,1500,5000,5000,8000,8000,5000,8000,8000,8000,8000,6,6,6,5,5,7,3,2,6,5,4,3,3,2,2,5,4,4,5,4,1,3,3,3,2,2
1,44,44,44,2,2,2,2,1,2,2,2,2,2,5,2,2,2,3,6,5,10,22,40,31,39,52,70,85,80,92,520,600,550,560,650,600,700,670,680,800,3,4,3,4,3,4,7,7,7,7,7,4,2,3,3,2,2,2,2,2,2,2,2,2,2,2
2,41,45,24,1,2,1,1,1,1,1,2,2,4,7,1,3,3,7,6,6,15,35,50,52,61,67,63,70,61,66,800,800,1400,1000,2000,1500,2000,2000,3000,5000,4,5,4,7,5,6,7,7,7,6,7,7,7,7,7,3,3,3,2,2,2,2,3,2,2,2
2,38,50,38,2,2,1,1,1,2,1,3,6,5,2,1,1,1,7,6,7,7,51,46,17,44,55,8,53,100,100,520,550,580,600,620,630,660,800,900,1200,5,6,3,7,6,2,7,7,7,5,5,5,4,3,4,5,5,5,3,4,2,2,3,1,2,2
2,57,30,60,2,2,1,1,1,2,1,5,4,4,5,5,4,4,3,5,5,29,39,49,51,53,60,74,69,89,87,800,1000,1800,2000,3500,3000,3000,3500,6000,9999,5,4,5,4,4,5,7,5,6,2,6,7,7,7,5,3,3,4,4,4,2,1,1,3,2,2
2,38,38,50,1,1,1,1,1,1,1,3,3,2,2,2,5,2,1,1,6,7,45,43,73,52,88,69,100,100,100,600,520,525,650,530,550,680,780,800,2000,6,6,2,5,5,7,1,3,6,5,7,7,2,2,4,5,5,5,2,2,1,1,1,5,2,2
2,36,42,28,1,2,1,1,1,1,1,2,2,5,6,5,2,2,6,5,6,11,21,22,28,41,48,58,70,91,97,700,900,800,1000,1000,2000,2200,3000,1500,5000,6,7,3,2,6,6,2,1,7,7,4,4,1,1,2,2,2,3,2,3,2,4,6,3,2,2
1,60,55,55,2,2,1,1,1,1,1,5,4,6,6,6,4,5,5,5,6,43,61,44,70,50,64,55,75,52,72,510,550,600,570,600,650,680,700,700,1000,3,5,4,3,4,4,4,4,4,3,4,3,3,4,4,4,5,6,5,6,2,4,3,3,2,2
1,25,22,22,1,1,1,1,1,1,1,6,2,1,1,1,2,1,4,4,5,38,7,26,37,37,42,33,38,19,40,555,555,555,555,555,555,555,555,555,555,3,4,2,2,2,4,3,4,2,2,5,5,3,1,1,3,4,5,5,2,5,3,4,4,3,2
2,24,24,20,2,2,1,2,1,2,2,5,6,5,6,4,4,5,4,3,4,7,21,37,57,62,76,80,85,87,91,800,1000,900,2000,3500,4000,4200,4500,4700,5000,4,5,5,5,5,5,4,1,5,5,7,7,2,2,2,6,5,5,4,4,3,2,2,3,3,2
2,22,22,20,2,2,1,1,1,2,1,3,1,2,6,6,2,2,2,2,5,29,60,68,58,68,58,71,94,82,90,2000,6000,6000,3000,9000,8000,9000,9500,1000,2000,3,4,1,1,1,3,7,4,5,6,6,7,3,2,2,4,3,3,1,3,3,2,2,3,3,2
2,18,18,20,2,2,1,2,1,2,2,7,7,6,7,4,5,5,2,1,6,23,53,81,87,94,100,100,100,100,100,900,1200,1500,2000,2800,5000,6000,8000,9999,9999,5,5,4,6,6,5,7,7,7,7,7,7,6,5,5,6,6,6,6,6,3,2,2,3,3,2
2,23,23,33,2,2,1,1,1,2,1,5,5,4,7,6,5,5,5,3,5,18,25,59,48,60,54,60,66,62,71,1000,900,800,1000,1500,2000,2400,2000,3000,5000,4,5,5,5,5,6,6,5,5,5,3,5,2,2,2,4,4,4,3,5,4,3,3,3,3,2
1,24,24,30,2,2,1,1,1,1,1,6,6,7,7,4,6,6,3,2,6,24,74,49,54,84,100,48,100,98,100,650,750,1250,1000,1700,1000,1000,1500,1500,2500,6,7,2,5,5,6,7,2,7,7,6,7,7,7,7,7,6,7,7,6,3,3,2,3,3,2
2,20,18,18,2,2,2,2,2,2,2,5,5,6,7,7,3,2,6,3,7,8,21,100,100,100,13,28,100,65,87,500,500,500,500,500,1000,500,500,500,500,3,6,3,2,2,7,6,6,6,5,6,6,6,6,6,6,6,5,6,4,3,3,3,3,3,2
1,21,21,21,2,2,1,1,1,2,1,7,5,5,6,4,5,4,7,4,7,6,18,13,13,15,12,40,14,69,11,509,506,503,600,502,600,600,700,500,1000,4,5,5,4,4,4,7,7,7,4,4,4,4,4,5,5,5,4,4,4,4,3,5,3,3,2
1,21,21,18,2,2,1,1,1,1,1,7,7,6,6,4,6,4,6,1,1,15,46,63,37,42,57,74,62,78,75,4000,7000,8000,6000,5000,7000,9000,9000,9999,9999,6,6,5,4,7,7,6,6,5,5,4,7,1,2,2,7,6,5,5,4,7,6,6,3,3,2
1,22,26,25,2,2,1,1,1,1,1,6,5,6,5,5,3,3,2,3,4,25,6,25,20,28,21,45,46,43,57,800,900,2000,1200,1000,2000,2000,3000,3000,6000,4,4,5,6,5,3,4,4,5,5,4,4,5,4,4,5,5,5,3,4,3,3,3,4,3,2
2,22,25,17,2,2,1,1,1,2,1,4,4,5,7,5,3,4,7,5,7,0,0,0,4,9,22,24,32,36,44,1000,1000,600,1000,1000,1000,1000,1000,1000,1000,2,4,6,3,4,6,3,4,4,5,7,7,2,3,2,2,2,3,2,2,1,1,2,3,3,2
2,19,17,20,2,2,2,2,2,2,2,4,5,7,7,1,1,2,1,1,4,4,21,28,15,46,28,28,45,66,77,800,1100,1400,1700,2000,2600,2900,3500,4100,6500,2,4,4,7,6,2,4,4,7,7,7,4,4,7,5,7,7,7,7,7,1,1,1,2,3,2
1,18,18,17,1,1,1,1,1,1,1,3,3,3,3,3,3,3,2,3,3,74,32,63,35,37,48,56,68,66,71,700,800,500,650,650,600,550,500,500,600,3,3,3,3,3,3,3,3,3,3,3,3,3,3,3,3,3,3,3,3,1,1,1,3,3,2
2,18,18,18,1,2,2,1,1,1,1,5,5,5,5,2,3,5,4,2,5,12,30,34,50,40,40,52,43,41,27,600,1000,1200,1000,2500,2000,1200,3500,2000,3000,4,4,4,6,5,4,4,4,5,4,4,5,5,6,4,4,4,5,4,4,3,3,3,4,3,2
2,22,22,25,2,2,1,1,1,2,2,5,5,6,6,2,4,6,5,2,5,11,22,15,16,23,18,11,22,47,69,800,1000,1200,1500,1800,2000,2000,2500,3000,5000,4,5,4,4,5,4,7,7,7,7,7,7,5,4,3,4,4,5,2,2,3,3,3,4,3,2
2,25,20,18,2,2,1,1,1,2,1,4,4,3,7,4,1,5,5,5,6,11,31,29,35,60,69,52,79,74,99,700,750,650,1000,1700,2000,1600,1500,2500,4000,3,5,4,3,5,4,7,6,7,7,5,6,3,5,3,7,6,6,5,4,2,3,4,4,3,2
2,25,30,35,2,2,1,2,1,2,2,4,5,6,7,5,5,6,7,3,7,6,15,23,35,48,53,49,71,67,84,800,600,800,800,1000,2000,1500,2000,2500,5000,6,5,6,7,7,5,7,6,7,5,6,7,6,6,6,5,5,6,4,4,3,3,4,4,3,2
1,38,35,50,2,2,1,1,1,2,2,3,3,4,3,1,1,2,6,5,5,0,6,13,15,29,32,38,63,67,92,550,600,650,800,800,1200,1000,1250,1500,2500,4,5,3,2,3,6,4,3,2,3,5,7,2,2,2,2,3,2,1,2,3,4,3,3,3,2
2,25,22,25,2,2,1,1,1,1,1,5,5,4,6,5,4,4,5,5,6,3,6,23,15,25,22,9,25,32,42,5000,9999,5000,5000,9000,9999,8000,9999,9999,8000,4,3,4,3,4,6,5,4,7,4,5,4,5,4,5,5,5,5,5,4,6,4,4,2,3,2
2,24,24,22,2,2,1,1,1,2,1,5,5,5,6,4,6,5,6,2,4,17,16,54,14,23,78,26,37,95,98,1500,2000,800,1000,2000,2000,1500,5000,5000,9500,5,4,4,4,4,4,3,3,6,6,7,7,7,6,6,5,6,6,3,3,1,1,1,3,3,2
2,18,18,22,1,2,1,1,1,2,1,4,5,7,7,3,5,3,4,2,4,7,14,27,44,26,46,64,45,81,100,2000,3500,7500,8500,5000,5500,2100,9999,9999,9999,3,4,5,4,3,4,3,1,7,6,7,7,2,2,2,4,3,7,4,6,3,3,2,3,3,2
1,25,25,28,2,2,1,1,1,2,1,4,5,6,6,7,4,4,6,5,7,29,14,48,52,68,68,19,78,78,90,1000,1000,2300,3000,1500,1500,5000,5000,5000,9000,5,4,4,5,4,6,6,6,6,6,6,4,5,6,4,6,5,6,4,6,3,3,6,5,3,2
1,43,40,50,2,2,1,1,1,2,1,3,4,3,3,3,3,3,6,6,7,5,6,7,7,8,10,16,11,14,7,600,800,900,1000,1200,1300,1508,2000,3000,5000,4,3,4,4,6,6,7,6,7,6,3,6,4,4,5,3,3,4,5,4,4,3,3,3,3,2
1,39,45,25,2,2,1,1,1,2,1,3,3,4,4,5,3,3,5,5,5,36,54,33,44,35,57,42,39,45,57,2000,3000,2000,4500,5000,4000,5000,3500,6000,5000,3,4,4,4,3,3,5,5,6,4,6,3,3,3,3,3,3,3,3,3,3,3,3,3,3,2
1,68,60,68,1,1,1,1,1,1,1,3,3,3,3,3,3,3,5,5,5,53,57,48,54,49,51,49,50,54,55,1500,1000,1200,2000,1800,2300,2500,5000,3000,6000,5,6,5,5,6,6,4,4,6,4,6,5,4,4,4,5,4,4,4,4,4,4,3,3,3,2
2,56,60,40,2,2,1,1,1,1,1,5,4,5,6,3,5,4,5,2,5,23,46,71,86,100,100,100,100,100,100,1000,2000,2000,1000,1000,1000,2000,2000,2000,5000,3,3,5,5,5,4,7,7,5,4,7,6,2,1,3,4,3,3,5,5,6,5,4,3,3,2
1,61,55,75,2,2,1,1,1,1,1,4,2,5,7,5,3,2,7,6,7,19,10,13,22,31,27,29,39,42,50,1000,800,900,1300,1200,1500,2000,1800,3000,2500,5,4,6,5,3,2,6,5,6,5,7,7,6,4,3,7,5,5,6,6,5,2,2,4,3,2
2,60,55,65,2,2,1,2,1,2,2,3,3,5,2,1,1,1,7,7,7,0,81,31,17,77,100,33,8,65,17,2500,2000,5000,1000,2000,3000,3000,7000,8000,5000,7,6,6,3,3,7,6,6,7,4,7,7,7,7,7,5,2,2,6,6,2,1,1,2,3,2
2,42,42,42,1,1,1,1,1,1,1,6,4,7,6,3,7,4,5,3,4,15,27,30,30,35,46,34,41,59,51,550,580,590,600,620,630,700,690,800,1200,4,5,5,6,6,6,5,4,6,5,3,6,4,5,5,5,4,5,3,3,3,2,3,4,3,2
2,40,38,20,2,2,1,1,1,2,1,3,5,4,5,3,3,4,4,4,5,0,0,10,11,4,6,7,15,44,59,800,800,1000,1000,1200,2000,2000,2500,3000,5000,2,3,4,4,2,3,1,5,6,7,6,6,5,4,4,3,3,3,4,4,2,2,2,3,3,2
1,37,40,20,2,2,1,1,1,1,1,4,4,2,4,2,2,2,6,5,7,2,5,4,16,8,32,41,63,52,66,3000,4000,2000,4000,5000,7000,8000,9000,9000,9800,4,5,5,3,5,7,5,4,5,4,3,4,4,4,2,3,2,2,5,5,3,2,4,3,3,2
2,42,45,40,2,2,1,1,1,1,1,4,4,4,4,4,4,4,7,7,7,5,13,20,35,30,31,28,26,35,42,600,600,1200,800,1800,1900,2000,800,2500,5000,5,5,5,4,4,6,4,5,6,5,7,7,4,4,5,5,4,5,4,4,3,4,3,3,3,2
1,60,40,65,2,2,1,1,1,1,2,3,1,5,4,3,2,4,7,3,6,14,34,49,38,70,82,92,51,69,74,600,800,600,1000,1000,2000,2000,3000,3000,3000,5,7,3,7,5,7,4,6,7,4,7,5,6,7,6,1,5,7,6,7,4,5,7,5,3,2
1,37,40,30,2,2,1,1,1,1,1,4,3,5,7,3,4,3,7,4,7,6,36,14,20,28,44,55,68,58,83,530,600,800,700,850,3500,2000,3000,4500,5000,1,3,5,3,1,3,6,6,6,5,5,5,3,2,3,5,5,3,1,1,4,1,3,3,3,2
1,40,20,50,1,2,1,1,1,1,1,1,1,1,4,4,4,1,4,4,4,6,12,9,13,13,14,18,18,17,24,520,520,700,520,700,520,1000,500,5000,1000,3,3,4,4,4,4,4,5,4,4,4,4,4,4,4,4,4,4,4,4,4,4,4,3,3,2
1,39,35,45,2,2,1,1,1,2,2,4,4,3,5,4,3,2,7,3,7,14,32,35,50,66,60,73,82,90,100,1100,1700,2300,2900,3500,4700,5300,6500,7700,9999,5,5,5,3,3,4,7,7,7,7,7,7,5,5,5,4,4,4,3,3,1,1,2,3,3,2
2,37,40,45,1,2,2,1,1,1,1,4,4,4,5,3,6,5,5,5,4,65,41,77,36,35,78,23,35,23,66,1000,800,900,1100,1170,1150,1500,1200,3000,5000,4,3,5,5,4,4,3,3,5,6,5,3,4,3,4,4,3,4,3,3,5,3,3,4,3,2
2,44,41,39,2,1,1,1,1,1,1,3,4,4,5,4,3,2,7,5,6,38,20,66,54,39,6,78,33,22,53,600,800,1000,1000,900,1000,1000,5000,9000,3000,3,5,3,6,4,5,4,4,2,6,4,3,1,5,5,7,7,7,5,3,6,7,5,3,3,2
2,36,25,40,1,2,1,1,1,1,1,4,7,7,5,1,7,7,1,1,3,37,43,41,46,35,52,54,40,39,51,5000,5000,5000,5000,5000,5000,5000,5000,5000,5000,5,7,7,7,7,5,7,7,7,7,7,7,6,7,7,5,5,5,5,7,3,3,4,3,3,2
2,60,60,70,2,2,1,1,1,2,1,3,2,6,1,2,1,1,7,3,7,0,11,14,0,8,8,5,20,15,41,1500,2500,4000,5000,2000,8000,3000,5000,9999,9999,3,2,3,4,4,3,7,7,7,7,7,7,7,6,6,6,5,5,3,7,1,1,1,3,3,2
2,66,66,55,2,2,1,1,1,1,1,1,1,1,7,7,1,1,7,7,7,10,9,6,9,11,8,14,12,20,29,3000,5000,9888,9888,1988,9888,2888,9888,9888,9888,4,3,5,6,1,7,3,4,4,3,3,5,4,3,4,2,3,4,5,3,1,1,1,3,3,2
2,57,57,40,1,2,1,1,1,1,1,3,2,2,2,3,4,1,6,3,6,28,37,21,47,59,58,67,75,97,100,1500,3000,1000,6000,1500,4200,1000,1500,4000,9999,4,5,2,2,2,5,5,5,4,3,5,5,5,5,5,3,3,3,5,5,2,2,2,3,3,2
1,56,50,45,2,2,1,1,1,1,1,3,4,5,5,5,5,5,5,4,4,45,22,33,72,25,49,54,44,46,62,1500,1000,3000,3500,2000,2100,3500,3000,4000,5000,5,5,3,5,6,5,3,5,5,5,5,6,2,2,2,4,4,5,4,4,6,2,3,3,3,2
1,24,24,30,2,2,1,1,1,2,1,6,4,3,7,3,5,5,3,2,5,11,24,36,52,61,87,91,92,100,100,800,1000,1500,1800,2000,2500,2400,3000,3600,8000,4,6,3,6,5,3,6,6,6,6,5,5,6,5,4,5,5,4,3,4,3,3,2,4,4,2
1,36,40,20,2,2,1,1,1,2,1,4,7,7,7,1,1,4,7,1,7,0,0,0,0,2,9,28,28,20,39,800,800,1000,1000,2000,5000,9999,8000,9999,9999,7,6,7,7,7,4,6,4,7,4,7,7,5,5,6,4,2,6,1,1,4,2,2,2,4,2
1,20,18,18,1,1,1,1,1,1,1,4,5,7,7,7,4,4,4,2,5,23,38,29,50,65,76,50,100,81,100,800,1000,5000,1000,7000,2200,7500,2000,9999,9999,5,6,6,7,6,6,7,7,7,7,7,7,7,7,7,7,7,7,7,7,3,3,3,4,4,2
1,24,24,30,2,2,1,1,1,2,2,5,5,6,6,5,5,5,2,2,2,38,67,81,84,56,68,97,78,100,100,800,700,900,1000,1800,3000,2500,3000,3000,5000,5,5,4,5,6,4,7,5,5,5,6,6,5,5,5,6,6,5,5,4,4,4,4,4,4,2
1,20,20,18,2,2,1,1,1,2,2,7,7,7,7,5,6,6,4,2,6,0,3,5,7,9,13,11,13,27,29,600,700,800,1000,1000,1000,1500,1500,2000,3000,5,7,4,6,7,3,7,7,7,7,7,7,5,5,4,7,7,7,4,5,4,5,4,4,4,2
2,21,21,18,2,2,1,1,1,2,1,6,5,6,5,2,5,5,1,1,5,4,11,26,30,40,62,42,73,80,100,800,1000,1500,2000,2500,3000,3000,4500,5000,8000,5,5,6,7,5,5,6,7,6,6,6,6,7,6,5,6,5,6,5,5,2,3,3,3,4,2
1,21,20,30,2,2,1,1,1,1,1,3,5,5,5,4,7,3,7,4,1,3,22,26,38,13,61,55,88,100,100,1500,3000,5000,6000,7500,7000,6000,6000,7500,8600,3,4,3,2,5,4,4,6,3,4,4,3,5,4,5,6,6,5,4,3,4,3,2,4,4,2
2,18,18,25,2,2,1,1,1,2,1,5,5,7,6,6,4,4,4,4,5,7,13,13,25,27,27,34,36,52,75,1500,3000,4500,1500,1700,5000,2000,1500,2000,3000,5,5,4,4,5,5,5,3,7,7,5,7,4,5,5,5,5,5,3,2,2,2,2,4,4,2
1,41,38,40,2,2,1,2,1,2,2,5,6,7,3,1,2,3,6,3,7,12,7,16,41,57,42,55,73,100,100,550,600,650,700,750,880,900,1100,1200,2000,5,7,6,3,7,7,7,2,7,7,2,3,6,7,6,5,3,5,2,1,1,2,1,4,4,2
1,24,20,25,2,2,1,1,1,1,1,7,7,5,7,7,4,1,3,1,7,3,7,15,14,26,28,33,37,61,69,550,600,800,600,700,1500,2000,2500,3000,5000,7,7,4,4,3,6,7,4,7,7,7,4,1,7,7,7,1,3,1,1,3,3,3,5,4,2
2,42,42,42,2,2,1,2,1,2,2,3,3,3,3,4,3,3,4,5,6,31,43,56,74,80,81,88,100,100,100,550,600,700,800,1000,2000,2200,2500,3000,5000,1,7,4,7,7,7,7,7,7,7,7,7,7,6,6,6,5,5,2,3,5,4,6,4,4,2
2,24,24,20,2,2,1,2,1,2,2,7,4,7,7,4,7,5,5,2,6,0,0,1,4,4,8,8,13,19,30,550,600,900,1200,1500,2100,2400,3000,3600,6000,3,5,5,5,4,5,7,7,7,7,7,7,5,4,4,6,6,6,5,5,2,2,2,4,4,2
2,42,35,30,2,2,1,2,1,2,2,4,5,4,5,1,3,4,5,4,5,2,14,37,44,47,64,60,60,63,88,550,580,580,600,700,750,800,1000,1200,1500,5,6,3,4,4,4,4,7,7,6,7,7,5,7,7,4,4,4,4,3,3,4,3,5,4,2
2,20,25,30,2,2,1,1,1,2,1,7,7,7,7,5,5,4,3,1,4,17,34,52,45,49,47,39,59,47,69,3000,5000,6000,8000,7000,6000,8500,8000,9000,9999,6,7,7,7,7,4,6,5,6,7,7,7,6,7,7,7,7,7,7,5,4,4,5,4,4,2
2,23,23,20,2,2,1,1,1,2,1,5,6,6,7,3,5,5,4,2,5,21,37,81,100,93,100,100,100,100,100,1000,1500,1800,1500,1750,2000,2000,2600,3000,6000,5,3,5,6,2,4,6,6,7,7,7,7,5,4,3,5,6,6,2,2,4,3,5,4,4,2
2,36,38,32,2,2,1,1,1,1,1,3,2,4,5,2,2,2,5,5,6,8,16,36,49,52,70,76,86,96,100,600,800,1000,501,1800,1800,2000,2000,2300,3000,4,4,4,5,5,5,3,2,5,5,6,7,3,2,2,3,2,2,2,2,4,4,4,4,4,2
1,23,25,20,2,2,1,1,1,2,1,7,5,7,7,4,5,4,3,1,5,7,23,30,50,74,61,61,55,20,15,700,800,900,1000,3000,4500,4000,5500,5000,8000,4,4,3,4,4,3,5,5,6,7,5,5,3,5,5,4,4,3,2,2,3,4,4,2,4,2
2,18,18,20,1,2,1,1,1,1,1,7,7,4,5,1,7,4,5,1,5,86,74,51,65,73,87,76,81,65,41,520,600,800,1000,1050,1100,1300,1800,1320,2000,5,4,4,4,6,1,3,7,1,4,7,6,5,5,6,5,5,5,5,5,3,3,5,4,4,2
2,20,23,25,2,2,1,1,1,2,1,5,4,5,6,3,5,7,4,1,3,10,18,51,33,35,42,64,59,78,67,1000,5000,7000,2000,6000,4000,2000,5000,8000,7000,5,6,3,4,5,6,5,4,7,7,7,3,3,3,3,6,4,5,4,4,3,3,3,3,4,2
1,23,20,32,2,2,1,1,1,1,1,5,5,7,3,1,4,1,1,2,7,9,28,52,42,39,49,59,63,70,87,500,500,500,500,500,500,500,500,500,500,7,7,4,5,3,4,4,4,4,5,4,2,1,1,1,3,3,4,1,1,1,1,1,4,4,2
1,18,25,25,2,2,1,1,1,2,2,3,3,5,6,5,5,4,4,3,4,25,45,64,34,30,46,72,68,83,87,1500,3000,4500,6000,7500,1050,5000,530,6000,3000,4,6,5,5,6,5,1,1,5,6,6,5,4,4,4,5,5,5,3,4,3,2,2,3,4,2
1,36,36,32,2,2,2,2,1,2,2,7,4,4,7,7,5,2,7,1,7,3,7,8,19,19,33,38,52,59,93,513,525,538,550,563,588,600,625,650,750,4,7,5,5,5,5,7,1,7,7,7,6,7,5,5,5,4,4,3,2,1,1,1,4,4,2
1,38,39,30,2,2,1,1,1,2,1,7,4,5,5,6,5,5,2,1,2,19,31,39,48,50,61,66,77,91,94,600,700,800,1200,1000,2000,2050,3600,4000,9000,6,5,6,7,5,5,7,7,5,6,5,7,6,4,6,5,4,6,5,3,5,3,3,5,4,2
2,58,55,45,2,2,1,1,1,1,1,5,5,4,5,5,5,5,3,2,2,5,12,9,22,15,30,80,78,87,94,800,1200,1600,1500,2000,2500,3000,4000,5000,9999,5,5,5,5,5,5,6,6,6,6,7,7,5,5,5,5,5,5,5,5,4,4,3,3,4,2
2,38,38,40,2,2,1,2,1,2,2,6,4,4,5,5,4,4,4,3,5,5,18,25,32,51,65,71,81,91,96,800,1100,1400,1700,2000,2600,2900,3500,4100,6500,4,4,3,6,4,6,5,5,5,5,5,7,6,5,5,5,5,5,4,4,2,2,2,4,4,2
2,45,40,50,2,2,2,2,2,2,2,3,3,2,2,2,2,2,5,6,5,0,8,13,10,18,25,33,26,29,11,700,550,600,650,600,850,1000,1200,1600,2000,3,2,2,4,5,4,6,5,6,5,6,5,5,5,5,4,4,3,4,3,3,2,3,5,4,2
1,60,55,40,1,2,1,1,1,1,1,4,4,5,5,4,4,4,5,4,5,2,8,11,19,7,27,18,17,16,35,550,600,550,800,600,600,1000,1000,800,1200,5,4,5,4,4,3,7,6,5,5,4,5,6,3,4,5,6,5,4,5,4,4,5,4,4,2
1,55,47,50,2,2,1,1,1,2,2,2,2,2,6,2,2,1,7,2,7,0,0,0,0,0,0,0,0,0,0,1500,5000,4500,6000,3500,5000,9000,4500,7000,8000,6,6,7,6,4,4,7,1,7,7,7,7,3,2,3,4,2,2,3,5,1,1,1,4,4,2
1,56,40,55,2,1,1,1,1,1,1,2,2,1,3,4,2,2,6,5,5,21,28,57,48,65,73,71,72,85,100,1500,1000,1000,1500,2000,1500,2000,2000,2000,3000,5,5,3,3,5,6,5,4,5,5,3,5,7,6,7,4,3,3,6,2,4,2,3,4,4,2
1,36,28,35,1,2,1,1,1,1,1,5,3,3,5,5,3,4,4,3,5,15,24,33,38,40,50,51,66,68,83,1000,1500,2500,2500,3000,4000,4500,5500,6500,9999,5,5,4,6,6,5,6,5,5,5,7,5,3,2,2,5,5,5,2,2,2,2,2,4,4,2
2,43,36,36,2,2,2,2,1,2,2,5,5,5,5,5,4,5,4,3,3,12,27,18,32,31,40,44,61,61,61,650,800,700,600,950,900,750,1300,1250,1500,5,4,5,5,5,5,6,6,6,4,7,4,2,3,3,4,3,3,3,2,3,3,4,4,4,2
2,39,39,35,1,1,1,1,1,1,1,3,2,2,2,2,2,2,4,4,4,25,50,71,68,53,80,64,68,86,16,1000,1500,1900,9000,1600,2400,3000,3000,5000,1200,5,3,6,3,3,5,5,5,3,7,7,7,5,5,4,5,4,5,3,2,7,7,7,4,4,2
1,61,60,50,2,2,1,1,1,2,1,5,5,6,7,4,6,5,7,3,3,14,22,29,35,41,42,46,52,34,40,2000,1000,3000,3500,3500,4000,4000,5000,6000,9000,3,5,4,5,6,3,6,6,4,4,4,6,7,6,5,6,4,4,5,6,2,2,2,3,4,2
1,36,30,30,2,2,1,1,1,2,1,3,3,3,7,7,3,3,6,6,4,16,20,46,53,57,73,94,100,100,100,1000,1000,1000,1000,1000,1500,1500,1500,1500,3000,6,6,3,6,7,6,4,1,5,5,1,1,1,1,1,1,1,1,3,3,5,3,2,4,4,2
1,40,40,30,1,1,1,1,1,1,1,7,7,7,7,4,7,7,4,1,1,22,16,20,21,21,18,15,20,21,15,1500,3000,4500,6000,7500,9999,9999,9999,9999,9999,7,7,7,7,7,7,1,7,7,7,7,7,1,1,1,4,4,4,4,4,7,4,4,4,4,2
1,60,50,50,2,2,1,1,1,1,1,5,6,6,4,4,3,3,4,6,5,14,36,31,50,49,73,68,100,100,100,2000,4000,5000,7000,8000,9000,9000,9500,9000,9999,4,5,4,4,5,7,7,7,7,5,7,5,4,4,4,4,4,5,5,6,5,5,4,4,4,2
2,60,55,35,2,2,1,2,1,2,1,2,2,2,2,2,2,1,4,6,7,55,49,56,66,58,84,57,74,72,84,740,980,520,520,1800,520,3600,520,5000,8000,5,6,5,4,7,7,6,6,6,5,7,7,6,6,6,7,6,6,6,5,4,4,5,3,4,2
2,55,55,40,2,2,1,2,1,2,1,4,3,2,4,1,2,3,4,5,5,30,43,57,46,79,52,77,90,55,81,600,2000,800,5500,4000,5000,6000,8888,4000,4000,5,2,3,4,2,6,7,4,7,5,6,7,5,4,4,5,4,4,5,5,3,5,3,3,4,2
2,42,38,30,2,2,1,1,1,2,1,3,3,2,7,5,4,3,6,6,7,11,11,19,28,22,32,33,48,45,66,1500,2000,2500,3000,3500,5000,5000,7000,8000,9999,3,6,4,5,3,2,6,6,4,4,7,7,7,7,6,5,6,6,4,3,4,3,4,4,4,2
2,42,30,18,1,2,1,1,1,1,1,5,5,4,4,3,3,2,4,4,7,2,6,8,11,15,13,12,16,28,45,800,1000,1000,1000,1500,2000,2500,3000,5000,9000,4,7,6,4,7,4,7,7,7,7,7,5,3,2,3,7,7,6,2,4,3,4,4,5,4,2
2,38,40,30,2,2,1,2,1,2,2,7,7,7,7,7,7,7,3,1,4,17,22,19,34,24,17,40,32,41,56,600,700,700,800,730,750,800,900,2000,5000,4,4,2,3,3,3,3,4,2,3,3,2,4,4,4,4,4,4,4,4,4,5,5,3,4,2
1,40,40,35,2,2,2,2,2,2,2,6,5,6,7,6,4,5,3,2,4,8,15,19,36,44,53,60,68,76,97,550,600,650,700,750,850,1000,1200,1300,2000,5,6,6,7,6,7,6,6,7,7,7,6,6,5,5,6,5,5,5,6,4,4,4,4,4,2
2,56,50,45,2,2,1,1,1,1,1,4,3,3,5,6,6,5,4,4,3,10,22,35,37,28,50,43,62,67,82,600,550,800,1000,2000,1200,3000,2200,3500,5000,4,5,3,6,5,6,2,4,6,7,7,7,6,7,6,4,5,5,5,3,2,2,3,3,4,2
1,60,55,60,1,2,1,1,1,1,1,6,6,6,6,7,6,6,1,1,1,16,24,45,77,64,39,54,71,67,94,520,600,580,600,650,1200,1000,1300,1500,3000,6,6,6,6,7,3,7,7,7,7,6,7,7,3,7,7,6,7,6,7,5,5,5,4,4,2
2,69,60,50,2,2,1,1,1,2,2,3,5,2,2,3,4,3,6,3,4,13,26,28,41,50,70,74,80,81,100,520,580,550,600,700,650,650,800,800,1500,6,6,3,7,7,6,7,7,7,7,4,5,7,7,7,7,7,7,5,5,1,1,1,4,4,2
1,68,68,60,1,2,1,1,1,1,1,7,7,7,5,7,6,5,7,4,6,13,17,10,35,27,84,20,12,12,0,3000,7777,9999,9999,1000,9999,9957,999,9999,999,7,5,5,5,4,1,5,6,6,7,7,7,7,6,7,5,4,6,6,6,4,5,4,4,4,2
2,60,30,30,2,2,1,1,1,2,1,3,3,2,2,1,2,2,7,5,6,3,10,14,22,20,34,34,39,46,55,888,1088,1000,1288,1888,3288,2888,5888,7888,9998,4,4,5,4,6,7,3,3,5,3,7,2,7,4,4,6,4,4,3,4,7,4,4,2,4,2
1,42,40,45,2,2,1,2,1,2,2,3,3,2,5,3,2,2,5,5,5,70,49,48,59,38,62,33,59,27,32,550,680,685,600,700,750,800,1000,1200,2000,5,4,5,5,5,5,3,4,5,5,5,5,4,5,4,4,4,4,3,3,3,2,3,4,4,2
2,56,56,56,2,2,1,1,1,2,1,1,1,1,1,1,1,1,5,3,7,80,100,100,100,100,100,100,100,100,100,4000,4000,9000,5000,5000,9000,9000,5000,2000,9900,2,7,4,5,3,5,7,7,7,7,7,7,7,7,7,7,7,7,4,5,3,3,3,4,4,2
2,41,41,25,2,2,1,1,1,2,1,4,3,4,3,3,3,2,7,2,6,5,7,14,13,15,16,23,28,30,22,850,890,1500,1000,1200,1800,2000,2000,2500,3000,6,6,3,6,6,3,7,7,7,2,7,7,6,6,7,5,6,5,5,5,3,3,3,3,4,2
2,56,60,50,2,2,1,1,1,1,1,3,2,3,2,2,3,2,7,6,5,10,7,15,21,23,19,33,35,41,72,800,1000,1500,1000,1500,2100,2000,3000,3000,5000,4,3,5,4,3,6,7,7,7,6,7,6,6,5,6,4,3,4,2,3,2,1,2,2,4,2
2,40,50,30,2,2,1,1,1,2,2,3,6,3,7,7,5,3,4,3,7,62,85,86,25,69,44,95,18,71,54,2000,4000,500,500,500,500,500,1000,500,1000,3,1,7,4,2,6,7,7,7,7,6,7,3,4,3,7,7,5,5,3,4,3,6,3,4,2
1,65,70,50,2,2,1,1,1,1,1,2,2,4,2,2,2,3,5,6,6,15,16,28,43,58,68,48,78,59,88,1000,1000,1200,8000,2000,5000,5000,9999,9999,9999,4,6,4,5,4,6,6,6,5,5,4,6,5,5,5,6,5,5,3,4,2,2,2,3,4,2
1,63,63,55,2,2,2,2,2,2,2,5,5,4,5,3,4,4,2,2,2,69,73,80,73,88,67,58,52,53,69,1500,1800,1900,800,1000,2000,1600,900,2500,5000,5,5,5,5,5,4,3,3,3,3,3,5,3,3,5,3,4,2,5,3,5,5,4,4,4,2
2,65,60,63,1,1,1,1,1,1,1,4,4,5,4,3,4,4,4,4,4,36,46,51,34,50,47,38,32,35,40,3500,2000,4500,1000,8000,1500,4500,8500,9999,9000,4,4,5,3,4,5,5,4,6,5,6,5,5,5,5,5,6,5,6,6,4,4,4,4,4,2
2,60,60,40,1,2,1,1,1,1,1,4,3,6,6,6,6,6,1,1,3,31,32,36,32,43,56,60,53,76,95,1000,3000,4000,5000,5000,8000,8000,8000,9000,9900,5,5,5,5,6,4,6,6,5,5,7,7,7,7,7,5,5,5,6,3,3,2,2,4,4,2
1,20,30,20,2,2,1,1,1,2,1,7,5,2,7,3,4,2,2,2,6,46,42,47,54,67,85,85,92,96,72,800,800,2000,2500,9999,9999,9999,9999,9999,9999,5,5,6,3,1,5,6,5,6,7,7,7,5,5,4,4,4,4,1,6,5,5,6,3,5,2
2,21,21,20,1,2,1,1,1,1,1,7,7,7,7,7,7,7,1,1,4,30,58,51,53,16,52,44,60,26,34,2000,3000,8888,5000,1000,5000,5000,5000,5000,9999,4,7,6,7,7,5,7,7,4,3,7,7,5,4,4,2,2,7,7,4,3,4,4,5,5,2
2,22,22,32,2,2,1,1,1,2,1,7,6,6,7,7,7,7,5,3,6,36,49,55,78,94,90,100,100,100,100,1500,800,1200,1000,2500,1500,2000,2100,3000,5000,6,7,6,7,7,6,7,5,7,5,7,7,4,4,4,5,5,7,7,7,6,5,6,5,5,2
2,37,37,30,2,2,1,2,1,2,2,6,5,6,7,5,6,6,2,1,4,49,67,72,80,86,85,77,96,87,100,800,1000,800,1300,1600,1200,1500,2000,1800,2500,5,5,5,6,6,2,5,5,5,5,5,6,4,3,3,5,5,5,5,4,4,4,4,4,5,2
2,22,22,18,2,2,1,1,1,2,2,6,3,5,7,5,5,5,4,4,5,6,34,43,53,79,77,64,82,96,98,800,1000,1000,1200,2000,2000,2000,3000,3000,4000,4,4,5,5,2,3,7,6,7,7,6,7,6,4,4,6,6,6,4,4,3,5,5,5,5,2
1,38,30,18,2,2,1,1,1,2,1,7,7,5,7,7,7,5,7,2,6,5,13,11,28,65,87,40,91,100,100,1500,3000,4500,6000,7500,9998,9997,9996,9999,9000,4,7,7,4,7,1,7,7,7,7,7,7,7,7,5,7,7,7,5,5,1,1,1,1,5,2
2,22,24,18,2,2,1,1,1,2,1,6,7,4,5,4,6,7,5,2,4,28,28,22,12,15,61,59,33,79,85,520,520,540,580,550,600,600,570,620,700,5,7,6,7,5,6,7,7,7,6,7,7,5,6,6,7,7,6,6,7,3,4,5,4,5,2
2,25,25,19,2,2,1,1,1,2,2,6,5,6,7,7,5,5,4,3,1,48,77,78,82,100,100,100,100,100,100,800,1000,1500,1000,1500,2000,1500,4000,5000,8000,5,6,7,6,3,3,4,4,7,7,7,7,5,7,6,5,5,5,1,5,1,1,1,4,5,2
1,24,18,18,2,2,1,1,1,2,1,7,4,7,7,1,7,7,1,1,5,10,19,20,30,30,26,54,36,60,79,3000,6000,4000,5000,5000,7000,6000,9000,8000,9999,4,7,4,4,7,1,7,7,7,7,7,7,7,7,7,7,7,7,4,4,4,5,5,5,5,2
2,19,20,20,2,2,2,1,1,2,2,4,7,7,7,7,4,7,7,5,6,1,3,21,12,51,84,67,93,82,50,1500,1000,1300,5000,1500,4000,6000,3500,4500,9999,5,7,7,4,7,4,7,6,7,7,7,7,7,7,7,7,7,7,7,7,3,2,3,5,5,2
2,21,18,25,2,2,1,1,1,2,1,7,6,6,6,3,6,7,4,1,2,0,0,1,0,3,1,1,6,4,30,800,2000,1000,1500,1900,1800,3500,2500,3000,5000,5,6,3,5,4,5,6,6,6,6,7,6,2,2,2,6,6,6,4,4,3,3,5,4,5,2
1,21,21,18,1,1,1,1,1,1,1,7,6,7,6,7,7,7,7,6,5,75,56,48,88,63,40,91,38,86,61,7068,4500,4560,5000,6000,7085,2607,4800,4068,2400,5,6,3,3,5,5,3,6,7,7,6,7,5,4,4,5,5,6,6,7,5,6,7,5,5,2
1,41,38,46,2,2,1,1,1,2,1,7,3,3,7,4,5,3,7,3,7,6,16,2,6,15,14,6,2,7,37,550,580,650,700,700,800,800,700,1000,1200,3,4,4,5,5,4,6,6,7,6,6,5,6,6,6,7,4,4,5,3,2,1,1,5,5,2
2,55,55,30,1,1,1,1,1,1,1,4,4,4,4,4,4,1,7,7,7,8,0,0,0,0,0,0,0,13,28,1000,5000,8000,9999,999,9999,2000,9999,9999,999,7,7,5,3,6,2,5,3,6,5,6,3,6,7,7,7,7,7,3,7,1,1,1,3,5,2
1,55,65,60,2,2,2,2,2,2,2,4,4,5,5,5,4,4,5,3,3,4,5,8,5,17,32,49,44,66,62,505,510,520,600,700,800,1000,1200,1300,1500,3,4,3,4,5,5,7,7,7,7,6,7,6,5,5,6,6,6,5,5,4,4,3,5,5,2
1,60,40,60,2,2,1,1,1,2,1,7,7,6,7,7,7,7,7,1,4,0,8,10,9,15,28,17,31,38,53,1500,3000,4500,5000,7000,5000,6000,6000,7000,9000,7,7,7,7,7,6,6,6,7,7,7,7,6,6,6,7,7,7,7,7,7,6,6,5,5,2
1,42,26,26,2,2,1,2,2,1,1,7,6,7,7,1,7,7,3,1,1,60,51,63,64,90,66,87,100,94,100,1000,1000,1000,1500,1000,2000,2000,2500,2500,5000,3,6,6,7,5,7,7,7,7,7,7,7,7,7,7,7,6,7,4,2,1,1,1,5,5,2
2,38,38,35,2,2,1,1,1,1,1,6,5,5,5,5,5,5,1,1,3,65,56,45,37,52,61,49,70,48,64,2000,5000,5000,6800,7800,8000,7000,4000,9980,4040,3,3,5,6,5,4,5,6,6,7,5,6,5,5,5,6,7,7,5,7,4,4,4,5,5,2
1,65,60,70,2,2,1,1,1,2,2,4,2,2,2,2,2,1,6,7,7,6,4,9,20,23,40,25,39,69,75,800,1100,1000,1700,2000,2600,2900,3500,4000,6500,5,6,6,2,5,2,6,4,6,6,7,7,6,6,6,5,3,3,3,3,1,1,1,3,5,2
1,64,50,30,2,2,1,1,1,2,1,5,4,5,7,7,5,5,3,3,5,14,23,36,32,44,54,69,72,89,93,800,1000,2000,2000,3000,6500,7000,7000,8000,9000,5,5,5,6,6,6,7,7,6,7,7,7,6,6,6,7,6,6,6,6,5,6,6,4,5,2
1,63,60,50,1,2,1,1,1,1,1,2,3,5,3,1,2,2,5,4,7,18,20,25,45,28,32,26,43,35,43,3500,8000,7500,9000,9000,9000,9000,1500,9000,9000,6,6,4,3,4,5,7,7,7,7,6,7,6,4,7,5,5,5,6,7,2,2,2,3,5,2
2,38,30,35,1,2,1,1,1,1,1,5,7,7,7,4,4,5,5,2,6,13,32,42,71,70,35,67,71,76,88,550,550,600,700,700,800,700,1000,1000,1500,3,4,3,5,6,5,6,6,6,6,7,7,4,4,4,5,5,6,5,5,3,3,5,5,5,2
2,56,56,50,2,2,1,1,1,1,1,7,4,3,7,5,6,5,1,1,1,46,68,62,81,73,100,100,100,100,100,1800,5000,4500,7000,1000,2000,3500,3000,6000,8000,4,3,5,6,3,7,6,3,7,7,5,7,4,3,4,5,6,6,4,5,4,5,3,5,5,2
1,60,55,50,1,2,1,1,1,1,1,7,6,5,6,6,7,7,1,1,1,13,28,65,53,53,76,71,61,68,61,520,550,550,580,600,680,700,780,720,900,6,6,7,7,6,3,7,7,7,7,6,7,7,7,7,7,7,7,7,7,6,6,7,5,5,2
1,56,56,56,2,2,1,1,1,1,1,7,5,5,6,7,7,7,1,1,1,74,53,70,38,58,98,100,100,65,100,3000,3000,5000,9300,9999,9999,9000,9888,9000,9800,5,7,7,7,7,6,7,7,4,3,7,4,5,6,7,7,6,7,7,5,5,5,6,5,5,2
2,62,70,30,2,1,1,1,1,2,1,5,4,6,5,6,5,4,7,2,3,16,19,54,30,79,88,43,100,100,100,500,700,900,1500,1800,2300,2600,3500,5000,7000,3,4,5,4,3,3,5,6,5,6,7,7,6,5,4,6,5,6,3,3,4,1,4,4,5,2
2,43,30,40,2,2,2,2,2,2,2,3,5,4,4,3,5,2,4,4,4,38,47,30,100,14,55,34,100,19,100,3000,800,1000,8000,5000,2000,8000,9000,4000,9999,6,4,4,4,5,4,5,6,6,4,3,5,6,5,5,7,6,6,7,6,5,5,7,4,5,2
1,40,30,40,2,2,1,1,1,2,2,7,3,3,5,7,4,4,3,4,3,45,74,83,42,57,76,87,88,100,100,5000,5000,7000,9999,9999,9999,9999,9999,9999,9999,4,5,6,6,6,4,5,4,5,1,1,1,4,4,4,5,5,5,3,2,1,1,1,3,5,2
1,58,50,35,2,2,1,1,1,2,2,6,4,4,6,5,6,6,7,6,5,1,11,20,29,42,52,71,72,74,83,600,800,700,1000,1100,1200,1300,1400,1500,3000,6,6,6,6,6,6,6,6,6,6,6,6,6,6,6,6,6,6,6,6,4,4,4,5,5,2
1,60,50,50,1,2,1,2,1,2,2,6,5,5,4,7,5,4,7,5,7,0,26,16,26,21,39,15,10,29,18,2000,2000,3000,6500,7500,8000,7000,6000,8000,9000,6,6,5,7,7,6,7,7,7,7,7,7,7,7,7,7,7,7,7,7,5,5,5,4,5,2
2,56,45,30,2,2,1,1,1,1,1,7,7,7,7,7,7,7,7,1,1,4,5,11,8,15,20,9,14,16,44,600,620,1000,510,550,580,520,550,2000,5000,4,4,5,7,4,7,7,7,7,7,7,5,4,3,3,6,6,6,6,4,7,4,4,5,5,2
1,41,36,36,1,1,1,1,1,1,1,4,5,4,3,4,5,4,4,6,6,31,48,76,54,56,60,71,49,77,55,3000,700,3000,800,2500,2500,2500,3000,800,2000,5,5,4,5,5,6,7,6,5,7,7,6,5,4,5,6,7,5,4,5,4,4,3,4,5,2
1,39,36,25,1,1,1,1,1,1,1,7,5,6,7,7,6,6,5,2,5,12,21,32,44,58,64,70,60,95,97,1500,3000,4500,6000,7500,9998,9998,9999,9998,9998,5,6,6,7,7,5,7,7,7,7,7,1,6,6,6,6,6,6,5,6,5,5,5,5,5,2
1,58,50,45,1,1,1,1,1,1,1,4,4,4,7,7,4,7,4,4,4,15,19,31,30,37,68,75,54,77,74,520,600,600,1250,800,1200,1000,1450,1500,2500,4,7,7,7,7,7,7,7,7,7,7,7,7,7,7,7,7,7,7,7,4,4,4,4,5,2
1,58,58,58,2,2,1,1,1,2,2,3,7,5,7,5,5,6,2,2,2,42,49,54,55,56,67,74,65,70,91,600,600,900,1000,1200,1800,2000,2000,2500,3000,5,7,5,7,5,6,7,7,7,7,7,7,4,2,2,7,5,7,7,7,2,1,2,4,5,2
1,54,59,50,1,1,1,1,1,1,1,6,4,2,4,5,3,3,4,5,5,68,65,65,71,66,69,48,49,74,49,7000,6700,800,700,700,788,600,6000,780,660,5,2,2,4,4,5,5,5,4,4,4,5,6,5,5,5,3,6,6,7,6,7,7,5,5,2
2,62,58,70,2,2,1,1,1,2,1,3,4,6,7,4,7,7,5,2,2,44,74,63,100,100,87,100,100,100,99,800,1000,1200,2000,2000,2000,3000,3000,4000,9000,4,7,4,4,5,6,6,6,6,6,7,4,6,6,6,6,6,6,5,6,4,5,6,5,5,2
1,69,45,65,2,2,2,2,1,2,2,5,4,5,7,4,5,5,1,3,7,100,100,100,92,100,95,100,100,100,100,600,600,700,800,900,1000,1500,1100,2000,2500,3,5,5,6,2,4,6,6,7,6,5,4,2,3,4,6,7,7,4,3,6,4,3,5,5,2
